country,year,inflation_consumer_prices_annual_pct,high_inflation_next_year,predicted_high_inflation,predicted_probability
Afghanistan,2017,4.97595150553832,0,0,0.03214663
Afghanistan,2018,0.626149149168846,0,0,0.04110926
Afghanistan,2019,2.30237251516833,0,0,0.030991154
Afghanistan,2020,5.60188791482224,0,0,0.096466556
Afghanistan,2021,5.13320340824962,1,0,0.34427774
Afghanistan,2022,13.7121023720064,0,1,0.6551114
Afghanistan,2023,-4.64470870797774,0,0,0.17199461
Afghanistan,2024,-6.60118564073725,0,0,0.4078975
Africa Eastern and Southern,2017,6.221375289331178,0,0,0.30169302
Africa Eastern and Southern,2018,4.689806467763299,0,0,0.11952593
Africa Eastern and Southern,2019,4.102850754611558,0,0,0.11349706
Africa Eastern and Southern,2020,5.191629420928505,0,0,0.21470793
Africa Eastern and Southern,2021,6.824727092820669,1,0,0.23005798
Africa Eastern and Southern,2022,10.88347757260175,0,0,0.43161747
Africa Eastern and Southern,2023,7.399185580806266,0,0,0.13890156
Africa Eastern and Southern,2024,4.7708573191583294,0,0,0.08238568
Africa Western and Central,2017,1.7254860237473135,0,0,0.00941195
Africa Western and Central,2018,1.784049948320435,0,0,0.0056425747
Africa Western and Central,2019,1.9830922848723176,0,0,0.0119612105
Africa Western and Central,2020,2.490377839319489,0,0,0.0067417445
Africa Western and Central,2021,3.745567823330088,0,0,0.011046251
Africa Western and Central,2022,7.949251448485672,0,0,0.13001083
Africa Western and Central,2023,5.221168013240019,0,0,0.12785526
Africa Western and Central,2024,3.60804426950566,0,0,0.03358237
Albania,2017,1.98666133171194,0,0,0.0008000383
Albania,2018,2.02805963071134,0,0,0.0005814867
Albania,2019,1.41109078954242,0,0,0.0005565942
Albania,2020,1.6208866171702,0,0,0.00050715246
Albania,2021,2.04147163139544,0,0,0.0012009792
Albania,2022,6.72520271530059,0,0,0.03970845
Albania,2023,4.75834555150038,0,0,0.040460106
Albania,2024,2.21587375089991,0,0,0.009014544
Algeria,2017,5.59111590961663,0,0,0.021521797
Algeria,2018,4.26999020467083,0,0,0.006475256
Algeria,2019,1.95176821052891,0,0,0.0023315062
Algeria,2020,2.41513094083413,0,0,0.0033740732
Algeria,2021,7.22606307415477,0,0,0.19876556
Algeria,2022,9.26551551551552,0,0,0.089319125
Algeria,2023,9.32217375928322,0,0,0.1713049
Algeria,2024,4.04611455313434,0,0,0.032707512
Angola,2017,29.8444799015679,1,1,0.82757246
Angola,2018,19.628937970152,1,1,0.9303297
Angola,2019,17.080954143438,1,1,0.92795175
Angola,2020,22.2715392470509,1,1,0.9737473
Angola,2021,25.754294884189,1,1,0.95123893
Angola,2022,21.3552901320822,1,1,0.8825235
Angola,2023,13.6441017767714,1,1,0.93358195
Angola,2024,28.2404948915772,0,1,0.98659724
Antigua and Barbuda,2017,2.43248789041362,0,0,0.0022262766
Antigua and Barbuda,2018,1.20715793367007,0,0,0.00084851
Antigua and Barbuda,2019,1.43135598182983,0,0,0.0005228327
Antigua and Barbuda,2020,0.625989707046719,0,0,0.0009174135
Antigua and Barbuda,2021,2.06299638545334,0,0,0.0016979121
Antigua and Barbuda,2022,7.53107834634288,0,0,0.025293723
Antigua and Barbuda,2023,5.06713865364212,0,0,0.0042921393
Antigua and Barbuda,2024,6.19886698842115,0,0,0.04841492
Argentina,2018,34.27722371310032,1,1,0.94690204
Argentina,2019,53.5483043492339,1,1,0.9718214
Argentina,2020,42.01509473765087,1,1,0.9855223
Argentina,2021,48.40937862551991,1,1,0.85957265
Argentina,2022,72.43075753182404,1,1,0.8994491
Argentina,2023,133.4889355941749,1,1,0.98992085
Argentina,2024,219.883929014578,0,1,0.97103035
Armenia,2017,0.969553268816137,0,0,0.0036790508
Armenia,2018,2.52023382001637,0,0,0.0022942994
Armenia,2019,1.44344660770698,0,0,0.0013287131
Armenia,2020,1.21143577838464,0,0,0.004979384
Armenia,2021,7.1848362944337,0,0,0.051939566
Armenia,2022,8.64091108973854,0,0,0.051451817
Armenia,2023,1.98041877615553,0,0,0.0032045618
Armenia,2024,0.269511978259125,0,0,0.002478236
Aruba,2017,-1.02828178762012,0,0,0.0003564033
Aruba,2018,3.6260414135296,0,0,0.0017664605
Aruba,2019,4.25746204335427,0,0,0.0011920149
Australia,2017,1.94864309065653,0,0,0.0004404024
Australia,2018,1.91140002818579,0,0,0.00033381552
Australia,2019,1.610770929127,0,0,0.00027839013
Australia,2020,0.846900734607273,0,0,0.0003569075
Australia,2021,2.86391284709318,0,0,0.00062670466
Australia,2022,6.59409658717841,0,0,0.017565459
Australia,2023,5.59701792296707,0,0,0.0124416305
Australia,2024,3.16656665428797,0,0,0.0030086453
Austria,2017,2.08126911385586,0,0,0.00095961936
Austria,2018,1.99837981429548,0,0,0.00046648888
Austria,2019,1.53089564152643,0,0,0.00049010746
Austria,2020,1.38191063351853,0,0,0.00058250874
Austria,2021,2.7666666666667,0,0,0.00053769164
Austria,2022,8.54686993188457,0,0,0.016070994
Austria,2023,7.81413417002831,0,0,0.0133339465
Austria,2024,2.93791574279375,0,0,0.0019605397
Azerbaijan,2017,12.9359184187334,0,0,0.24047261
Azerbaijan,2018,2.26854690373999,0,0,0.008099517
Azerbaijan,2019,2.61057182799215,0,0,0.003951984
Azerbaijan,2020,2.75980947008127,0,0,0.007522135
Azerbaijan,2021,6.65029912708778,1,0,0.05893473
Azerbaijan,2022,13.8522590144267,0,0,0.19792676
Azerbaijan,2023,8.7854304984908,0,0,0.16943724
Azerbaijan,2024,2.21217188919901,0,0,0.02387902
"Bahamas, The",2017,1.51820700736147,0,0,0.00053802173
"Bahamas, The",2018,2.26586346678735,0,0,0.00056143914
"Bahamas, The",2019,2.49123527368045,0,0,0.00048258767
"Bahamas, The",2020,0.0385210980054557,0,0,0.0005470891
"Bahamas, The",2021,2.90491262928478,0,0,0.0026983607
"Bahamas, The",2022,5.60540633583043,0,0,0.011625425
"Bahamas, The",2023,3.05291578969742,0,0,0.0033505175
"Bahamas, The",2024,0.409162489083286,0,0,0.002497241
Bahrain,2017,1.38671830576406,0,0,0.0003284017
Bahrain,2018,2.08766938046978,0,0,0.00042391242
Bahrain,2019,1.00582004702136,0,0,0.0004316607
Bahrain,2020,-2.31770629331378,0,0,0.00062909094
Bahrain,2021,-0.60631938514085,0,0,0.00089783757
Bahrain,2022,3.62574104304482,0,0,0.0055792583
Bahrain,2023,0.0746206782192255,0,0,0.00039165682
Bahrain,2024,0.919635459817651,0,0,0.0008919541
Bangladesh,2017,5.70207015717238,0,0,0.04463469
Bangladesh,2018,5.54362139486476,0,0,0.019818451
Bangladesh,2019,5.59199639930629,0,0,0.0078425985
Bangladesh,2020,5.69107474746211,0,0,0.0051565813
Bangladesh,2021,5.54565430773473,0,0,0.018485047
Bangladesh,2022,7.69695437176898,0,0,0.04348162
Bangladesh,2023,9.8835030377921,1,1,0.7294433
Bangladesh,2024,10.4657482763412,0,0,0.4806746
Barbados,2017,4.66018463955995,0,0,0.0051153935
Barbados,2018,3.1060057242059,0,0,0.001211179
Barbados,2019,1.67662473276987,0,0,0.00067129417
Barbados,2023,3.18718905472631,0,0,0.0017620651
Barbados,2024,1.44643664306159,0,0,0.0004454969
Belarus,2017,6.03183725177785,0,0,0.06936207
Belarus,2018,4.87230220550689,0,0,0.06870636
Belarus,2019,5.59815595039853,0,0,0.06837357
Belarus,2020,5.5481435745651,0,0,0.05432806
Belarus,2021,9.46028389623105,1,0,0.28458917
Belarus,2022,15.2096752740809,0,1,0.6393753
Belarus,2023,5.00059903091312,0,0,0.02132335
Belarus,2024,5.78531910427998,0,0,0.03560023
Belgium,2017,2.12597086002616,0,0,0.0008251242
Belgium,2018,2.05316499865177,0,0,0.00078798766
Belgium,2019,1.43681956996438,0,0,0.0005919695
Belgium,2020,0.740791812220343,0,0,0.0005414542
Belgium,2021,2.44024851144084,0,0,0.00042638442
Belgium,2022,9.597511728725,0,0,0.032168735
Belgium,2023,4.04901077613941,0,0,0.0055809016
Belgium,2024,3.14349136500041,0,0,0.0027154593
Belize,2017,1.14765339305816,0,0,0.0015124392
Belize,2018,0.269982622646335,0,0,0.0014651142
Belize,2019,0.187069385181424,0,0,0.0028930386
Belize,2020,0.121434644614893,0,0,0.0038899216
Belize,2021,3.2356365923707,0,0,0.006519277
Belize,2022,6.27689319447543,0,0,0.2886869
Belize,2023,4.38984017487674,0,0,0.0104472395
Belize,2024,3.28955985952768,0,0,0.014330118
Benin,2017,0.0432648555103608,0,0,0.017514052
Benin,2018,0.919170717886053,0,0,0.015428
Benin,2019,0.732849371241066,0,0,0.0055993902
Benin,2020,3.02272119663759,0,0,0.0034651551
Benin,2021,1.73353962694035,0,0,0.0055520753
Benin,2022,1.35077863583527,0,0,0.0059694354
Benin,2023,2.73870078406074,0,0,0.012576176
Benin,2024,1.16093089640415,0,0,0.00484684
Bhutan,2017,4.95508366985129,0,0,0.019622697
Bhutan,2018,2.72396386183713,0,0,0.0022065362
Bhutan,2019,2.72643037388832,0,0,0.0017356813
Bhutan,2020,5.62936522632507,0,0,0.0869198
Bhutan,2021,7.3468144053353,0,0,0.13107212
Bhutan,2022,5.6391667139637,0,0,0.008557538
Bhutan,2023,4.22934419929251,0,0,0.0041052983
Bhutan,2024,2.76131569624097,0,0,0.019527541
Bolivia,2017,2.8227580554717,0,0,0.018408664
Bolivia,2018,2.27205987230154,0,0,0.0064896652
Bolivia,2019,1.83954504969025,0,0,0.0011771539
Bolivia,2020,0.940742153381849,0,0,0.0022885578
Bolivia,2021,0.737383721452274,0,0,0.0034035682
Bolivia,2022,1.74632872945968,0,0,0.0014102054
Bolivia,2023,2.57688800489192,0,0,0.0011008421
Bolivia,2024,5.09976568317427,0,0,0.010634465
Bosnia and Herzegovina,2017,0.810133321953038,0,0,0.0030088427
Bosnia and Herzegovina,2018,1.41710814018033,0,0,0.0013755772
Bosnia and Herzegovina,2019,0.56278215406123,0,0,0.001536861
Bosnia and Herzegovina,2020,-1.05129600763489,0,0,0.0014397756
Bosnia and Herzegovina,2021,1.98163900587622,1,0,0.0030598524
Bosnia and Herzegovina,2022,14.0208440826771,0,1,0.6136949
Bosnia and Herzegovina,2023,6.1059011284828,0,0,0.122156784
Bosnia and Herzegovina,2024,1.69212733599723,0,0,0.013310317
Botswana,2017,3.30828076768219,0,0,0.0017116764
Botswana,2018,3.23801558947715,0,0,0.0021598644
Botswana,2019,2.7728644286332,0,0,0.00088003755
Botswana,2020,1.8903591682421,0,0,0.0010269422
Botswana,2021,7.24097765588442,1,0,0.03250307
Botswana,2022,11.665567478802,0,0,0.32184964
Botswana,2023,5.06761549343829,0,0,0.041047998
Botswana,2024,2.81835131676251,0,0,0.011511632
Brazil,2017,3.44637335032669,0,0,0.015391934
Brazil,2018,3.66485028376728,0,0,0.03994025
Brazil,2019,3.73297621216893,0,0,0.007623356
Brazil,2020,3.21176803803376,0,0,0.04770913
Brazil,2021,8.30165975585673,0,0,0.071969286
Brazil,2022,9.28010608956872,0,0,0.073535405
Brazil,2023,4.59356282283203,0,0,0.028719055
Brazil,2024,4.36746407652336,0,0,0.011556167
Brunei Darussalam,2017,-1.2605056462896,0,0,0.0009646304
Brunei Darussalam,2018,1.02505179290212,0,0,0.00076444057
Brunei Darussalam,2019,-0.390522069165529,0,0,0.00065197056
Brunei Darussalam,2020,1.94031996607183,0,0,0.0017784999
Brunei Darussalam,2021,1.73341388450593,0,0,0.0016363326
Brunei Darussalam,2022,3.68225030604215,0,0,0.0054828925
Brunei Darussalam,2023,0.35706431153689,0,0,0.0018536327
Brunei Darussalam,2024,-0.38867416503646,0,0,0.0031201078
Bulgaria,2017,2.06159619443141,0,0,0.0016208151
Bulgaria,2018,2.81454473824838,0,0,0.0027298075
Bulgaria,2019,3.10372944796771,0,0,0.003602242
Bulgaria,2020,1.67244096855756,0,0,0.001369992
Bulgaria,2021,3.29774435299506,1,0,0.0102624055
Bulgaria,2022,15.3252589264367,0,1,0.54718477
Bulgaria,2023,9.44284140088564,0,0,0.29872608
Bulgaria,2024,2.44651943006078,0,0,0.024668789
Burkina Faso,2017,1.48299897161325,0,0,0.013542
Burkina Faso,2018,1.95594302672532,0,0,0.008942449
Burkina Faso,2019,-3.23338933983321,0,0,0.012407041
Burkina Faso,2020,1.88470066518847,0,0,0.014988263
Burkina Faso,2021,3.65326761825508,1,0,0.021139475
Burkina Faso,2022,14.2902354303358,0,1,0.5503
Burkina Faso,2023,0.742910428668917,0,0,0.052559417
Burkina Faso,2024,4.19081721344523,0,0,0.24139456
Burundi,2017,16.0525353030391,0,1,0.7900373
Burundi,2018,-2.81469807668465,0,0,0.0470804
Burundi,2019,-0.686772170797358,0,0,0.03210043
Burundi,2020,7.3211064341552,0,0,0.39504707
Burundi,2021,8.4045384507634,1,0,0.33873844
Burundi,2022,18.8008786664944,1,1,0.5568189
Burundi,2023,26.9414835762453,1,1,0.7970623
Burundi,2024,20.2124925027847,0,1,0.67193913
Cabo Verde,2017,0.784415251101334,0,0,0.0036906798
Cabo Verde,2018,1.25615185860785,0,0,0.0035848697
Cabo Verde,2019,1.10750930553819,0,0,0.0010380612
Cabo Verde,2020,0.6057961856899,0,0,0.003856296
Cabo Verde,2021,1.86215256793885,0,0,0.009412758
Cabo Verde,2022,7.93092928079189,0,0,0.070412464
Cabo Verde,2023,3.72437535861454,0,0,0.018937282
Cabo Verde,2024,1.0481698336865,0,0,0.0018593292
Cambodia,2017,2.912635573714778,0,0,0.005702962
Cambodia,2018,2.459085153801459,0,0,0.003714523
Cambodia,2019,1.94257500833107,0,0,0.0049731038
Cambodia,2020,2.940295142639697,0,0,0.010865721
Cambodia,2021,2.920734775929485,0,0,0.0052337674
Cambodia,2022,5.34370264895437,0,0,0.024713406
Cambodia,2023,2.127467965941944,0,0,0.009952593
Cambodia,2024,0.8080420165366541,0,0,0.0073973783
Cameroon,2017,0.64040914988195,0,0,0.009621695
Cameroon,2018,1.0688581131292,0,0,0.010077854
Cameroon,2019,2.45280214062732,0,0,0.0062652044
Cameroon,2020,2.43760882182236,0,0,0.0092150895
Cameroon,2021,2.27185762503637,0,0,0.022154676
Cameroon,2022,6.24767713343861,0,0,0.12424855
Cameroon,2023,7.38281384280983,0,0,0.105915025
Cameroon,2024,4.53331349711606,0,0,0.118877545
Canada,2017,1.59688412852976,0,0,0.00029380753
Canada,2018,2.26822567248103,0,0,0.0004968714
Canada,2019,1.94926902411592,0,0,0.00036900185
Canada,2020,0.716999632307827,0,0,0.00018455056
Canada,2021,3.39519318527527,0,0,0.0008829218
Canada,2022,6.80280115341612,0,0,0.019965343
Canada,2023,3.87900159788425,0,0,0.0029922056
Canada,2024,2.38158383281173,0,0,0.001053363
Central African Republic,2017,4.18072331871266,0,0,0.33386168
Central African Republic,2018,1.61215686991555,0,0,0.03976374
Central African Republic,2019,2.68537355266786,0,0,0.10564343
Central African Republic,2020,1.71015659523152,0,0,0.048714466
Central African Republic,2021,4.25936417542868,0,0,0.07319606
Central African Republic,2022,5.58316735183246,0,0,0.21616766
Central African Republic,2023,2.97913852618936,0,0,0.055638365
Central African Republic,2024,1.47733600718743,0,0,0.01540894
Chad,2017,-1.537099629808404,0,0,0.019137267
Chad,2018,4.274621986105452,0,0,0.07116308
Chad,2019,-0.971939175419401,0,0,0.012468557
Chad,2020,4.464144372328608,0,0,0.0369854
Chad,2021,-0.7728443703591396,0,0,0.025189495
Chad,2022,5.788026878436164,1,0,0.05795655
Chad,2023,10.83635683998429,0,0,0.317104
Chad,2024,8.899507322637543,0,0,0.24388172
Chile,2017,2.18271846868519,0,0,0.0028299233
Chile,2018,2.43488981353057,0,0,0.00050460716
Chile,2019,2.55754475703326,0,0,0.0011735176
Chile,2020,3.04549084804326,0,0,0.0022916978
Chile,2021,4.52456838259143,1,0,0.004522033
Chile,2022,11.6438667110559,0,0,0.33732828
Chile,2023,7.58168251407962,0,0,0.048738502
Chile,2024,4.29763891572524,0,0,0.0075581423
China,2017,1.59313600071435,0,0,0.00055605045
China,2018,2.07479039965576,0,0,0.0009963646
China,2019,2.89923416358226,0,0,0.0010314707
China,2020,2.41942189457782,0,0,0.000796528
China,2021,0.981015135544881,0,0,0.0020269318
China,2022,1.9735755573905,0,0,0.0013918357
China,2023,0.23483682889305,0,0,0.00057657657
China,2024,0.218128938439177,0,0,0.0008866041
Colombia,2017,4.3143132569501,0,0,0.0078007644
Colombia,2018,3.24056932930569,0,0,0.0037396424
Colombia,2019,3.52301932741446,0,0,0.0029729854
Colombia,2020,2.52663500084706,0,0,0.0017890766
Colombia,2021,3.49505757399448,1,0,0.0059900377
Colombia,2022,10.1772313546166,1,0,0.09519782
Colombia,2023,11.7359044948689,0,0,0.07571451
Colombia,2024,6.60908593728228,0,0,0.083456144
Comoros,2017,-0.237362224154613,0,0,0.007268518
Comoros,2018,2.15155084413033,0,0,0.009972665
Comoros,2019,3.58213544469211,0,0,0.028681414
Comoros,2020,0.786641929499151,0,0,0.0046789437
Comoros,2021,-0.0044179368234698,1,0,0.008402725
Comoros,2022,12.5320314570998,0,0,0.37032443
Comoros,2023,8.37373955490995,0,0,0.19240259
Comoros,2024,5.05192609588218,0,0,0.097956814
"Congo, Rep.",2017,0.450063823285546,0,0,0.0054048696
"Congo, Rep.",2018,1.15277896375523,0,0,0.010255957
"Congo, Rep.",2019,2.20607305781525,0,0,0.027036086
"Congo, Rep.",2020,1.79537147083107,0,0,0.016279507
"Congo, Rep.",2021,1.7156427545126,0,0,0.017589314
"Congo, Rep.",2022,3.04344334698477,0,0,0.005374092
"Congo, Rep.",2023,4.30174563591016,0,0,0.018963723
"Congo, Rep.",2024,3.09143630919166,0,0,0.028121583
Costa Rica,2017,1.62590692991731,0,0,0.0024820652
Costa Rica,2018,2.2211146152658,0,0,0.0018129271
Costa Rica,2019,2.09604635327807,0,0,0.0019740541
Costa Rica,2020,0.724911478131375,0,0,0.00082549267
Costa Rica,2021,1.72647755109241,0,0,0.00067943905
Costa Rica,2022,8.27477490232654,0,0,0.037321523
Costa Rica,2023,0.525193508693455,0,0,0.0022597816
Costa Rica,2024,-0.412853001047069,0,0,0.0021213696
Cote d'Ivoire,2017,0.685881065304603,0,0,0.0025131712
Cote d'Ivoire,2018,0.401297817263547,0,0,0.0019323225
Cote d'Ivoire,2019,0.79085551205366,0,0,0.00411667
Cote d'Ivoire,2020,2.41252617189052,0,0,0.0032328335
Cote d'Ivoire,2021,4.15919657911797,0,0,0.024310134
Cote d'Ivoire,2022,5.23352856100842,0,0,0.11361186
Cote d'Ivoire,2023,4.36972254867474,0,0,0.08150262
Cote d'Ivoire,2024,3.45053028131018,0,0,0.028109543
Croatia,2017,1.129372102823469,0,0,0.0013786126
Croatia,2018,1.500125010417563,0,0,0.0015238277
Croatia,2019,0.7718203464980194,0,0,0.00066858093
Croatia,2020,0.1548113745621064,0,0,0.0008439155
Croatia,2021,2.554506996420408,1,0,0.0017319063
Croatia,2022,10.7805806758686,0,0,0.11963915
Croatia,2023,7.9412817758683,0,0,0.1292064
Croatia,2024,2.972004776436181,0,0,0.010351642
Curacao,2017,1.58558801700344,0,0,0.001041191
Curacao,2018,2.58368756641813,0,0,0.00039989623
Curacao,2019,2.62220783425058,0,0,0.001114547
Cyprus,2017,0.531766496174467,0,0,0.0013738497
Cyprus,2018,1.43549119531759,0,0,0.0017847685
Cyprus,2019,0.250370996758493,0,0,0.00048689079
Cyprus,2020,-0.638422797978958,0,0,0.0008329163
Cyprus,2021,2.44608867175474,0,0,0.0011613612
Cyprus,2022,8.39548297993334,0,0,0.03864274
Cyprus,2023,3.54134188751663,0,0,0.0035201802
Cyprus,2024,1.80023018624815,0,0,0.002408049
Czechia,2017,2.4505339846014,0,0,0.0015275963
Czechia,2018,2.14949494949492,0,0,0.00084480457
Czechia,2019,2.84787595918041,0,0,0.0015307917
Czechia,2020,3.1612952849781,0,0,0.0013438169
Czechia,2021,3.83984491500146,1,0,0.0012533732
Czechia,2022,15.100165146837,1,0,0.31165823
Czechia,2023,10.6612601372427,0,0,0.0927406
Czechia,2024,2.43531202435314,0,0,0.0030154728
Denmark,2017,1.14713216957601,0,0,0.00060586055
Denmark,2018,0.813609467455631,0,0,0.0006723278
Denmark,2019,0.75813157251162,0,0,0.00090633216
Denmark,2020,0.420711974110024,0,0,0.00057289377
Denmark,2021,1.85304543989689,0,0,0.0014483959
Denmark,2022,7.69656699889259,0,0,0.031375892
Denmark,2023,3.30517811237605,0,0,0.0013980817
Denmark,2024,1.37220049768925,0,0,0.0006835662
Djibouti,2017,0.57728572456066,0,0,0.0079791015
Djibouti,2018,0.138836400011405,0,0,0.01039099
Djibouti,2019,3.31763203299602,0,0,0.009217618
Djibouti,2020,1.77900535643955,0,0,0.0029108883
Djibouti,2021,1.18086783934059,0,0,0.0045883134
Djibouti,2022,5.17222088647605,0,0,0.07971049
Djibouti,2023,1.44905087029085,0,0,0.0047356
Djibouti,2024,2.1120116728497,0,0,0.0026951367
Dominica,2017,0.296252889279486,0,0,0.0012754276
Dominica,2018,0.989191119189889,0,0,0.0027078385
Dominica,2019,1.50462353858141,0,0,0.00045913848
Dominica,2020,1.22026442242476,0,0,0.0015559226
Dominica,2021,2.22891330700343,0,0,0.0019738334
Dominica,2022,2.88490226829353,0,0,0.0006079299
Dominica,2023,5.08677483158111,0,0,0.0139788855
Dominica,2024,2.56921890367725,0,0,0.0016445584
Dominican Republic,2017,3.27955694678546,0,0,0.0013372138
Dominican Republic,2018,3.56443426013507,0,0,0.0026915849
Dominican Republic,2019,1.81060377042959,0,0,0.00053508795
Dominican Republic,2020,3.78103179915516,0,0,0.012759422
Dominican Republic,2021,8.24300347981809,0,0,0.043960065
Dominican Republic,2022,8.81109209279587,0,0,0.38236576
Dominican Republic,2023,4.78561281021135,0,0,0.009409234
Dominican Republic,2024,3.30223338951227,0,0,0.0035799146
Ecuador,2017,0.417335588666824,0,0,0.0031165548
Ecuador,2018,-0.224103246005552,0,0,0.0029822916
Ecuador,2019,0.266012515466155,0,0,0.0038534268
Ecuador,2020,-0.338872392562139,0,0,0.0070071393
Ecuador,2021,0.133251386096389,0,0,0.008743107
Ecuador,2022,3.46616972213076,0,0,0.009819322
Ecuador,2023,2.21568764237058,0,0,0.0015755977
Ecuador,2024,1.54732515615369,0,0,0.0016325574
"Egypt, Arab Rep.",2017,29.5066083940038,1,1,0.93159884
"Egypt, Arab Rep.",2018,14.4014657807421,0,1,0.7871986
"Egypt, Arab Rep.",2019,9.15279959324803,0,0,0.47917652
"Egypt, Arab Rep.",2020,5.04493288977538,0,0,0.16447003
"Egypt, Arab Rep.",2021,5.21404940513042,1,0,0.12265839
"Egypt, Arab Rep.",2022,13.8956609775177,1,1,0.72799194
"Egypt, Arab Rep.",2023,33.8847763115546,1,1,0.9675357
"Egypt, Arab Rep.",2024,28.2705899322082,0,1,0.9108878
El Salvador,2017,1.012354033155798,0,0,0.004145637
El Salvador,2018,1.090330005818922,0,0,0.0039139553
El Salvador,2019,0.0753241350024612,0,0,0.002825368
El Salvador,2020,-0.3715902123240951,0,0,0.008546912
El Salvador,2021,3.466925853130816,0,0,0.008117757
El Salvador,2022,7.198616156098668,0,0,0.23801775
El Salvador,2023,4.045546942224766,0,0,0.023218641
El Salvador,2024,0.8537822925672883,0,0,0.0029805596
Equatorial Guinea,2017,0.7443547466124104,0,0,0.0014413457
Equatorial Guinea,2018,1.060074106621712,0,0,0.006385649
Equatorial Guinea,2019,1.53027528964189,0,0,0.010324371
Equatorial Guinea,2020,4.766695239442282,0,0,0.088771045
Equatorial Guinea,2021,-0.0971007664640198,0,0,0.008363969
Equatorial Guinea,2022,4.78671704710803,0,0,0.07994923
Equatorial Guinea,2023,2.859495060373218,0,0,0.0063979533
Equatorial Guinea,2024,2.921402273091033,0,0,0.003511937
Estonia,2017,3.41723549488054,0,0,0.004196256
Estonia,2018,3.43632688420446,0,0,0.0027991883
Estonia,2019,2.27725931243522,0,0,0.000650703
Estonia,2020,-0.444531097679829,0,0,0.0008340163
Estonia,2021,4.65316673847472,1,0,0.012234577
Estonia,2022,19.3982634080616,0,1,0.52650917
Estonia,2023,9.15922507983982,0,0,0.009672792
Estonia,2024,3.5194118998392,0,0,0.0038890846
Eswatini,2017,6.221375289331178,0,0,0.055010233
Eswatini,2018,4.815061674615126,0,0,0.0075730938
Eswatini,2019,2.598016203110773,0,0,0.0038746416
Ethiopia,2017,10.6871150284238,1,1,0.70647955
Ethiopia,2018,13.8330356586661,1,1,0.86358774
Ethiopia,2019,15.8096321719344,1,1,0.8304348
Ethiopia,2020,20.3563468559061,1,1,0.82445455
Ethiopia,2021,26.8395221557722,1,1,0.9816072
Ethiopia,2022,33.8898797100898,1,1,0.9874906
Ethiopia,2023,30.2188278135278,1,1,0.9917237
Ethiopia,2024,21.037746057771,0,1,0.93420416
Fiji,2017,3.34757834757831,0,0,0.003774723
Fiji,2018,4.08147637644542,0,0,0.003751382
Fiji,2019,1.79388647514555,0,0,0.0018957936
Fiji,2020,-1.70014167847317,0,0,0.0031247372
Fiji,2021,1.53454853751591,0,0,0.010991011
Fiji,2022,6.07882431529724,0,0,0.122354746
Fiji,2023,2.97544080604538,0,0,0.0082758935
Fiji,2024,3.89084237884105,0,0,0.018928757
Finland,2017,0.754015047084346,0,0,0.0009802422
Finland,2018,1.08382098409305,0,0,0.0005713944
Finland,2019,1.0240939296343,0,0,0.0004532922
Finland,2020,0.290554555653239,0,0,0.00045445346
Finland,2021,2.19457432340007,0,0,0.00046152622
Finland,2022,7.12350773301402,0,0,0.024389336
Finland,2023,6.25064322154762,0,0,0.010748733
Finland,2024,1.56568906231615,0,0,0.001728811
France,2017,1.03228275064681,0,0,0.0005859413
France,2018,1.85081508315492,0,0,0.0003609632
France,2019,1.10825492288293,0,0,0.00030281488
France,2020,0.476498852725065,0,0,0.00057553034
France,2021,1.64233141038393,0,0,0.0005569734
France,2022,5.22236748369725,0,0,0.016415324
France,2023,4.8783572650844,0,0,0.009434003
France,2024,1.99904942291462,0,0,0.0017788028
Gabon,2017,2.651925831439018,0,0,0.002913365
Gabon,2018,4.749066520832215,0,0,0.03493494
Gabon,2019,2.464567561511867,0,0,0.0018815051
Gabon,2020,1.352761106753326,0,0,0.006142178
Gabon,2021,1.086907465194095,0,0,0.0023823574
Gabon,2022,4.231247982745795,0,0,0.025203304
Gabon,2023,3.629015341853759,0,0,0.009269769
Gabon,2024,1.17311998381218,0,0,0.0027255968
"Gambia, The",2017,8.034189745459113,0,0,0.04408367
"Gambia, The",2018,6.520968239465726,0,0,0.017989824
"Gambia, The",2019,7.115676256311922,0,0,0.035319105
"Gambia, The",2020,5.931276365624406,0,0,0.011839724
"Gambia, The",2021,7.370347588766179,1,0,0.07884559
"Gambia, The",2022,11.51311983805049,1,0,0.24201535
"Gambia, The",2023,16.97421296323269,1,0,0.47582862
"Gambia, The",2024,11.56105328975111,0,0,0.49693343
Georgia,2017,6.035317252721169,0,0,0.024140367
Georgia,2018,2.615244713976705,0,0,0.0016145371
Georgia,2019,4.852898216967227,0,0,0.007993461
Georgia,2020,5.202464889753404,0,0,0.013148399
Georgia,2021,9.566914338247692,1,0,0.12917228
Georgia,2022,11.89816542031976,0,0,0.38523635
Georgia,2023,2.487760565787146,0,0,0.012143571
Georgia,2024,1.109717580220962,0,0,0.021578198
Germany,2017,1.50949485109628,0,0,0.0008472625
Germany,2018,1.73216879766941,0,0,0.00076337124
Germany,2019,1.44565976888253,0,0,0.0003608256
Germany,2020,0.144877925813981,0,0,0.0003761983
Germany,2021,3.06666666666673,0,0,0.0014931329
Germany,2022,6.87257438551096,0,0,0.018160915
Germany,2023,5.94643667725823,0,0,0.008510535
Germany,2024,2.2564981433876,0,0,0.0013211231
Ghana,2017,12.37192155070485,0,1,0.58054316
Ghana,2018,7.80876516610703,0,0,0.49829566
Ghana,2019,7.143640033308569,0,0,0.28581315
Ghana,2020,9.887289562699442,0,1,0.6064078
Ghana,2021,9.971088675044395,1,1,0.8139539
Ghana,2022,31.25589510490163,1,1,0.9726955
Ghana,2023,38.10696562965015,1,1,0.97631776
Ghana,2024,22.84832811578422,0,1,0.89307916
Greece,2017,1.121254520314255,0,0,0.00063832605
Greece,2018,0.6256214134536403,0,0,0.0006735884
Greece,2019,0.2530075220380588,0,0,0.00091393595
Greece,2020,-1.247983555814054,0,0,0.0010181798
Greece,2021,1.223825010198544,0,0,0.000656635
Greece,2022,9.645259812806424,0,0,0.062358078
Greece,2023,3.464801285134052,0,0,0.006129125
Greece,2024,2.741018756794773,0,0,0.003012922
Grenada,2017,0.9084582558742492,0,0,0.0010130652
Grenada,2018,0.8041023132770334,0,0,0.000587145
Grenada,2019,0.5981497647360223,0,0,0.00082438905
Grenada,2020,-0.7407325970454977,0,0,0.0012191683
Grenada,2021,1.219511939168379,0,0,0.0023967617
Grenada,2022,2.580539259079196,0,0,0.000759139
Grenada,2023,2.696122698145644,0,0,0.0014762207
Grenada,2024,1.086153651347365,0,0,0.0009021204
Guatemala,2017,4.424536551825459,0,0,0.007841964
Guatemala,2018,3.75186186704508,0,0,0.0036930426
Guatemala,2019,3.699983980086048,0,0,0.005790493
Guatemala,2020,3.214440621973451,0,0,0.0012370752
Guatemala,2021,4.261051274228131,0,0,0.0046152705
Guatemala,2022,6.885128233442869,0,0,0.03130093
Guatemala,2023,6.206575922721259,0,0,0.024238024
Guatemala,2024,2.869927529182938,0,0,0.0022864616
Guinea,2017,8.91435947913097,0,0,0.4696035
Guinea,2018,9.827617012591912,0,1,0.7780241
Guinea,2019,9.470010392530124,1,1,0.5504121
Guinea,2020,10.60162033871666,1,1,0.77340806
Guinea,2021,12.59728825669343,1,1,0.85407615
Guinea,2022,10.49304099844241,0,1,0.8167088
Guinea,2023,7.804975919279735,0,0,0.23108792
Guinea,2024,8.123139149485961,0,0,0.35856095
Guinea-Bissau,2017,1.691114618222977,0,0,0.028487457
Guinea-Bissau,2018,0.3813247027909915,0,0,0.0115478635
Guinea-Bissau,2019,0.2466002681478295,0,0,0.03233291
Guinea-Bissau,2020,1.140009393932222,0,0,0.015275131
Guinea-Bissau,2021,2.242488795776585,0,0,0.019522423
Guinea-Bissau,2022,9.39075933985203,0,0,0.109262094
Guinea-Bissau,2023,7.102209285570592,0,1,0.52878046
Guinea-Bissau,2024,3.76555825770114,0,0,0.1705847
Guyana,2017,1.904656155155838,0,0,0.0021520434
Guyana,2018,1.282842884435276,0,0,0.0021398673
Guyana,2019,2.087230891620126,0,0,0.0021218988
Guyana,2020,0.9933370228387302,0,0,0.0008428491
Guyana,2021,5.032855746267019,0,0,0.16636042
Guyana,2022,6.115055501099348,0,0,0.14709388
Guyana,2023,2.821103350996412,0,0,0.01660349
Guyana,2024,2.903952264463725,0,0,0.018656328
Haiti,2017,10.6800887242584,1,0,0.36204734
Haiti,2018,12.4814111170435,1,1,0.6458737
Haiti,2019,18.70378256725062,1,1,0.8779428
Haiti,2020,22.79631136425277,1,1,0.8938878
Haiti,2021,16.84152401987848,1,1,0.74395096
Haiti,2022,33.98393194707002,1,1,0.9575232
Haiti,2023,36.81351627808535,1,1,0.96652293
Haiti,2024,26.94905640919872,0,1,0.90815485
Honduras,2017,3.934360844420443,0,0,0.0083089275
Honduras,2018,4.347349377775284,0,0,0.011215868
Honduras,2019,4.365871598192668,0,0,0.021788178
Honduras,2020,3.468411779511841,0,0,0.025395393
Honduras,2021,4.480879634134452,0,0,0.026399352
Honduras,2022,9.08963911525025,0,0,0.2989654
Honduras,2023,6.663251803474568,0,0,0.066557944
Honduras,2024,4.606210981271069,0,0,0.015716199
"Hong Kong SAR, China",2017,1.493872439395217,0,0,0.0008565052
"Hong Kong SAR, China",2018,2.406134320465339,0,0,0.0009191866
"Hong Kong SAR, China",2019,2.883208537739963,0,0,0.0006281545
"Hong Kong SAR, China",2020,0.2509620210807999,0,0,0.00038753726
"Hong Kong SAR, China",2021,1.568758344459223,0,0,0.00025932063
"Hong Kong SAR, China",2022,1.881367071968528,0,0,0.0003821409
"Hong Kong SAR, China",2023,2.096605112490893,0,0,0.00020799611
"Hong Kong SAR, China",2024,1.72972119105914,0,0,0.00024183546
Hungary,2017,2.348242811501539,0,0,0.0036850055
Hungary,2018,2.850247925946455,0,0,0.0020091324
Hungary,2019,3.338586353820081,0,0,0.00183965
Hungary,2020,3.326743857667376,0,0,0.0026056897
Hungary,2021,5.110965343828553,1,0,0.05521483
Hungary,2022,14.60814394924334,1,1,0.61685085
Hungary,2023,17.12496596787366,0,1,0.6517637
Hungary,2024,3.703703703703689,0,0,0.008534985
Iceland,2017,1.760415591805965,0,0,0.0010791308
Iceland,2018,2.68291768267392,0,0,0.0005019356
Iceland,2019,3.013971791560529,0,0,0.0009999031
Iceland,2020,2.847924015186648,0,0,0.00074837165
Iceland,2021,4.444239701897388,0,0,0.00234406
Iceland,2022,8.308755115589202,0,0,0.02142208
Iceland,2023,8.736302999372983,0,0,0.010125483
Iceland,2024,5.856838499700656,0,0,0.011276287
India,2017,3.328173374612977,0,0,0.0068676206
India,2018,3.938826466916298,0,0,0.0035868562
India,2019,3.729505735391294,0,0,0.003172636
India,2020,6.623436776285355,0,0,0.04594735
India,2021,5.131407471763689,0,0,0.06594587
India,2022,6.699034140798518,0,0,0.1378581
India,2023,5.649143189079247,0,0,0.10376179
India,2024,4.953035509736557,0,0,0.06308163
Indonesia,2017,3.808798576919489,0,0,0.0074115507
Indonesia,2018,3.198347559249961,0,0,0.0021670598
Indonesia,2019,3.030584609416606,0,0,0.0024826664
Indonesia,2020,1.919835272707928,0,0,0.0011410846
Indonesia,2021,1.560078829833344,0,0,0.0026394578
Indonesia,2022,4.209464637147842,0,0,0.0077733025
Indonesia,2023,3.669386548597611,0,0,0.0019626196
Indonesia,2024,2.181512736151888,0,0,0.0005343023
"Iran, Islamic Rep.",2017,8.044924376602776,1,0,0.26555064
"Iran, Islamic Rep.",2018,18.01411833718742,1,1,0.91302353
"Iran, Islamic Rep.",2019,39.90734556977835,1,1,0.93731046
"Iran, Islamic Rep.",2020,30.59413903872951,1,1,0.9653316
"Iran, Islamic Rep.",2021,43.38901626815144,1,1,0.9637628
"Iran, Islamic Rep.",2022,43.48846417421787,1,1,0.9828256
"Iran, Islamic Rep.",2023,44.57918575727971,1,1,0.9825094
"Iran, Islamic Rep.",2024,32.45587140291699,0,1,0.98385036
Iraq,2017,0.1840588988476899,0,0,0.004283796
Iraq,2018,0.3674414889368492,0,0,0.0030257758
Iraq,2019,-0.1989653800239282,0,0,0.0035709266
Iraq,2020,0.5741626794257948,0,0,0.012341848
Iraq,2021,6.041864890580439,0,0,0.06409632
Iraq,2022,4.994765963810435,0,0,0.05177635
Iraq,2023,4.358353510895857,0,0,0.029938774
Iraq,2024,-12.29698375870071,0,0,0.0046057384
Ireland,2017,0.3621730382293778,0,0,0.0037399835
Ireland,2018,0.4711307137129156,0,0,0.0047731106
Ireland,2019,0.937842961189274,0,0,0.0011686372
Ireland,2020,-0.3261836512800329,0,0,0.0016413985
Ireland,2021,2.340341134470437,0,0,0.0028911023
Ireland,2022,7.829457364341047,0,0,0.15525994
Ireland,2023,6.299424874191247,0,0,0.062458217
Ireland,2024,2.113449995773167,0,0,0.007860517
Israel,2017,0.2498078401230083,0,0,0.0009356038
Israel,2018,0.8050603795285264,0,0,0.00044213078
Israel,2019,0.8176459402927937,0,0,0.0006762223
Israel,2020,-0.5752546208977557,0,0,0.0005133557
Israel,2021,1.479654747225614,0,0,0.00059488066
Israel,2022,4.41162725488371,0,0,0.0102357585
Israel,2023,4.225226031689177,0,0,0.004895426
Israel,2024,3.074808898050246,0,0,0.0020382274
Italy,2017,1.226533166458118,0,0,0.0010193381
Italy,2018,1.137487636003906,0,0,0.00055486296
Italy,2019,0.611246943765304,0,0,0.00019507894
Italy,2020,-0.1377075739165103,0,0,0.0004370087
Italy,2021,1.873783257624806,0,0,0.0005610882
Italy,2022,8.20128991161718,0,0,0.04527679
Italy,2023,5.622194421959011,0,0,0.020748984
Italy,2024,0.982373023061417,0,0,0.0015678492
Jamaica,2017,4.378398649915611,0,0,0.016329166
Jamaica,2018,3.736638821521633,0,0,0.0076198005
Jamaica,2019,3.905100008658723,0,0,0.004170054
Jamaica,2020,5.2267777929352,0,0,0.034915365
Jamaica,2021,5.86278242801063,1,0,0.023302466
Jamaica,2022,10.34956883912716,0,0,0.23171565
Jamaica,2023,6.474137346620627,0,0,0.07595348
Jamaica,2024,5.411944479816588,0,0,0.013998748
Japan,2017,0.4841997961263851,0,0,0.0006928183
Japan,2018,0.989094598021848,0,0,0.000714812
Japan,2019,0.4687761593839499,0,0,0.00037276238
Japan,2020,-0.024995834027731,0,0,0.0007301693
Japan,2021,-0.2333527793982636,0,0,0.0013058877
Japan,2022,2.497702781722547,0,0,0.0018246763
Japan,2023,3.268133659331635,0,0,0.0017303093
Japan,2024,2.738536816352407,0,0,0.00097168115
Jordan,2017,3.323894475760973,0,0,0.011107846
Jordan,2018,4.462311084754812,0,0,0.009680236
Jordan,2019,0.7615140472656008,0,0,0.0022654815
Jordan,2020,0.3332943506283782,0,0,0.0022371758
Jordan,2021,1.346093772431178,0,0,0.0027339256
Jordan,2022,4.229155688971175,0,0,0.0068972246
Jordan,2023,2.084869863271339,0,0,0.0011620822
Jordan,2024,1.556596112839526,0,0,0.0008850574
Kazakhstan,2017,7.442663213067925,0,0,0.086758286
Kazakhstan,2018,6.163662475777625,0,0,0.045221213
Kazakhstan,2019,5.333560989166689,0,0,0.0232975
Kazakhstan,2020,6.718154548614583,0,0,0.22896773
Kazakhstan,2021,8.04147134028401,1,0,0.19326913
Kazakhstan,2022,15.02786444408505,1,1,0.722603
Kazakhstan,2023,14.52755978259521,0,1,0.8067387
Kazakhstan,2024,8.690821561044944,0,0,0.08457663
Kenya,2017,8.005649677099447,0,0,0.31143713
Kenya,2018,4.689806467763299,0,0,0.0631314
Kenya,2019,5.239637957647923,0,0,0.022774102
Kenya,2020,5.40516207933392,0,0,0.011247838
Kenya,2021,6.107936036591763,0,0,0.02275847
Kenya,2022,7.659862682722239,0,0,0.09700213
Kenya,2023,7.671396340294023,0,0,0.11202639
Kenya,2024,4.489788542434479,0,0,0.02188531
Kiribati,2017,0.3555208885468283,0,0,0.004895491
Kiribati,2018,0.5640304914934757,0,0,0.007185408
Kiribati,2019,-1.813079953029471,0,0,0.019189406
Kiribati,2020,2.553245544146301,0,0,0.008671143
Kiribati,2021,2.053616767739075,0,0,0.014056779
Kiribati,2022,5.345954409089039,0,0,0.15449515
Kiribati,2023,9.28307374517721,0,0,0.18590976
Kiribati,2024,2.455450721590278,0,0,0.021775482
"Korea, Rep.",2017,1.944332307863661,0,0,0.0008431021
"Korea, Rep.",2018,1.475839350026451,0,0,0.00042166232
"Korea, Rep.",2019,0.3830003036081358,0,0,0.00034692386
"Korea, Rep.",2020,0.5372880234117372,0,0,0.00050228165
"Korea, Rep.",2021,2.498333333333394,0,0,0.00074091076
"Korea, Rep.",2022,5.089513650628416,0,0,0.007993986
"Korea, Rep.",2023,3.597456250290104,0,0,0.0014890706
"Korea, Rep.",2024,2.321743286435421,0,0,0.00095225754
Kosovo,2017,1.488234305923193,0,0,0.0014186847
Kosovo,2018,1.053797736549915,0,0,0.0010815474
Kosovo,2019,2.675992026398933,0,0,0.0020260033
Kosovo,2020,0.1982279229948544,0,0,0.0012417625
Kosovo,2021,3.353691392079971,1,0,0.006183401
Kosovo,2022,11.58051045420125,0,0,0.4755559
Kosovo,2023,4.944324387912826,0,0,0.058295533
Kosovo,2024,1.619449945594762,0,0,0.018348482
Kuwait,2017,2.171832985100056,0,0,0.00041512263
Kuwait,2018,0.5431331481995668,0,0,0.0011442172
Kuwait,2019,1.09184802655856,0,0,0.000511389
Kuwait,2020,2.101729548274,0,0,0.0006299267
Kuwait,2021,3.423629476091884,0,0,0.011181025
Kuwait,2022,3.980649619903132,0,0,0.011453497
Kuwait,2023,3.642164030307087,0,0,0.007157036
Kuwait,2024,2.898550724637621,0,0,0.0052423966
Kyrgyz Republic,2017,3.175309863799396,0,0,0.03095647
Kyrgyz Republic,2018,1.542661452384359,0,0,0.0039880974
Kyrgyz Republic,2019,1.133622577188036,0,0,0.025096694
Kyrgyz Republic,2020,6.325422963380776,1,0,0.10549976
Kyrgyz Republic,2021,11.90503981851468,1,0,0.14791144
Kyrgyz Republic,2022,13.92290931741758,1,0,0.45460427
Kyrgyz Republic,2023,10.75327704167424,0,1,0.565684
Kyrgyz Republic,2024,4.997607012073231,0,0,0.10616721
Lao PDR,2017,0.8254786075680259,0,0,0.002781024
Lao PDR,2018,2.040392668902015,0,0,0.00458788
Lao PDR,2019,3.322558812569254,0,0,0.007465097
Lao PDR,2020,5.104072629599191,0,0,0.035032563
Lao PDR,2021,3.755620366588772,1,0,0.03973876
Lao PDR,2022,22.95622251320559,1,1,0.8886268
Lao PDR,2023,31.23013417326456,1,1,0.940688
Lao PDR,2024,23.13056959425881,0,1,0.9274427
Latvia,2017,2.930363123746655,0,0,0.003119528
Latvia,2018,2.534454241865981,0,0,0.0009830522
Latvia,2019,2.81140920075624,0,0,0.0010484094
Latvia,2020,0.2190649048419849,0,0,0.0016957185
Latvia,2021,3.275829374311651,1,0,0.0020807497
Latvia,2022,17.31028301988148,0,0,0.44260213
Latvia,2023,8.9380462331663,0,0,0.018908087
Latvia,2024,1.265798858287287,0,0,0.0027575109
Lebanon,2017,4.321352183031908,0,0,0.0064220023
Lebanon,2018,6.076989078896069,0,0,0.022884151
Lebanon,2019,3.005389493903827,1,0,0.004193559
Lebanon,2020,84.86433304720406,1,1,0.95093215
Lebanon,2021,154.7560960233933,1,1,0.9944958
Lebanon,2022,171.2054913366413,1,1,0.99333376
Lebanon,2023,221.341644023365,1,1,0.9941387
Lebanon,2024,45.24304227167184,0,1,0.96947473
Lesotho,2017,4.447699373763005,0,0,0.03996161
Lesotho,2018,4.751803016247396,0,0,0.13174692
Lesotho,2019,5.187083591979818,0,0,0.13186249
Lesotho,2020,4.978096762523092,0,0,0.19830519
Lesotho,2021,6.047745919506756,0,0,0.12831004
Lesotho,2022,8.27180389943028,0,0,0.11699462
Lesotho,2023,6.342217431249531,0,0,0.099810876
Lesotho,2024,6.105446242450317,0,0,0.2678849
Liberia,2017,12.41963239071377,1,1,0.58393663
Liberia,2018,23.56351489537417,1,1,0.8827838
Liberia,2019,26.96627601978781,1,1,0.9319624
Liberia,2020,16.95572414962546,0,1,0.9364347
Liberia,2021,7.815593858586484,0,1,0.6526469
Liberia,2022,7.592984865603134,1,1,0.71391857
Liberia,2023,10.09445356655517,0,1,0.57168084
Liberia,2024,8.214974391189639,0,1,0.6095887
Libya,2017,25.80361847883377,1,1,0.7640669
Libya,2018,13.17020385367212,0,1,0.6472532
Libya,2019,-2.162178834705947,0,0,0.19492601
Libya,2020,1.44703656998741,0,0,0.48540398
Libya,2021,2.868330277510192,0,0,0.4493212
Libya,2022,4.510301492357032,0,0,0.097315714
Libya,2023,2.373175314351686,0,0,0.09929702
Libya,2024,2.126157668850251,0,0,0.013760771
Lithuania,2017,3.722888623037074,0,0,0.0073781777
Lithuania,2018,2.697927792083936,0,0,0.0008403671
Lithuania,2019,2.334509379880265,0,0,0.0009497318
Lithuania,2020,1.199894449835687,0,0,0.00096231344
Lithuania,2021,4.683544209034531,1,0,0.010769799
Lithuania,2022,19.70504615183939,0,1,0.68075025
Lithuania,2023,9.117319623904748,0,0,0.043119773
Lithuania,2024,0.7157358352287232,0,0,0.0030494176
Luxembourg,2017,1.730799591188872,0,0,0.0017068832
Luxembourg,2018,1.528195243073795,0,0,0.00050455064
Luxembourg,2019,1.743320756538483,0,0,0.0005084283
Luxembourg,2020,0.8199573021270355,0,0,0.00040233563
Luxembourg,2021,2.52692009066166,0,0,0.00071742584
Luxembourg,2022,6.336008077779189,0,0,0.017519059
Luxembourg,2023,3.741403619831355,0,0,0.001996766
Luxembourg,2024,2.051132699548591,0,0,0.000870073
"Macao SAR, China",2017,1.228124040528088,0,0,0.0006927632
"Macao SAR, China",2018,3.004462931669528,0,0,0.0037877169
"Macao SAR, China",2019,2.751930810519751,0,0,0.0009853077
"Macao SAR, China",2020,0.8114105114915123,0,0,0.0016562514
"Macao SAR, China",2021,0.0264543647055503,0,0,0.0011435612
"Macao SAR, China",2022,1.045028023699535,0,0,0.0043500727
"Macao SAR, China",2023,0.4763844957880754,0,0,0.002094256
"Macao SAR, China",2024,0.6724985988543651,0,0,0.009428017
Madagascar,2017,8.609050754229495,0,0,0.051372457
Madagascar,2018,8.594229588704756,0,0,0.050349597
Madagascar,2019,5.610514414923647,0,0,0.04543759
Madagascar,2020,4.201793121905574,0,0,0.022676792
Madagascar,2021,5.81225118787715,0,0,0.052865986
Madagascar,2022,8.16059031991844,0,0,0.074893326
Madagascar,2023,9.874326750448883,0,0,0.17286706
Madagascar,2024,7.613357843137233,0,0,0.04135134
Malawi,2017,11.54339391887714,1,0,0.4360128
Malawi,2018,12.42017810892101,0,0,0.40065667
Malawi,2019,9.370836056056698,0,0,0.2745627
Malawi,2020,8.625514696505519,0,0,0.06081807
Malawi,2021,9.330144108352115,1,0,0.35736972
Malawi,2022,20.95396972996904,1,1,0.87701666
Malawi,2023,28.78974282472983,1,1,0.9444036
Malawi,2024,32.17965042250251,0,1,0.9900248
Malaysia,2017,3.871201157742374,0,0,0.00674831
Malaysia,2018,0.884709160571235,0,0,0.0009966372
Malaysia,2019,0.6628918657643263,0,0,0.00069409213
Malaysia,2020,-1.138702153930499,0,0,0.0007143118
Malaysia,2021,2.477102414654468,0,0,0.0029460704
Malaysia,2022,3.378698625499285,0,0,0.004859331
Malaysia,2023,2.488865601257539,0,0,0.0019241131
Malaysia,2024,1.834100204499002,0,0,0.0027244864
Maldives,2017,2.817473382345089,0,0,0.00493432
Maldives,2018,-0.1333733861175947,0,0,0.0022394005
Maldives,2019,0.2200297310653834,0,0,0.0013467651
Maldives,2020,-1.369774255698108,0,0,0.0070582316
Maldives,2021,0.5431496887370127,0,0,0.02283573
Maldives,2022,2.333143376245675,0,0,0.012010835
Maldives,2023,2.927465424250351,0,0,0.004263185
Maldives,2024,1.399797796749283,0,0,0.0027604247
Mali,2017,1.75985742927165,0,0,0.008145247
Mali,2018,0.299546507387843,0,0,0.02036327
Mali,2019,-1.658266948463649,0,0,0.015147087
Mali,2020,0.4380889403206689,0,0,0.027149772
Mali,2021,3.925602831042767,0,0,0.080818474
Mali,2022,9.621476084890638,0,0,0.16324814
Mali,2023,2.058802282742227,0,0,0.08903517
Mali,2024,3.206398640996599,0,0,0.030648349
Malta,2017,1.364354481507084,0,0,0.001149599
Malta,2018,1.15782362451517,0,0,0.00063763076
Malta,2019,1.642060017689402,0,0,0.00046174272
Malta,2020,0.6385449567767122,0,0,0.00033923096
Malta,2021,1.497892179347241,0,0,0.00035277207
Malta,2022,6.153756219330369,0,0,0.0962071
Malta,2023,5.093967589788826,0,0,0.0137432385
Malta,2024,1.650794692831088,0,0,0.0021960698
Mauritania,2017,2.254276519348126,0,0,0.0020513164
Mauritania,2018,3.067359960583556,0,0,0.006113865
Mauritania,2019,2.300092621179372,0,0,0.0027382972
Mauritania,2020,2.385694884563199,0,0,0.006655558
Mauritania,2021,3.565164846501848,0,0,0.016815688
Mauritania,2022,9.52526628622843,0,0,0.24706605
Mauritania,2023,4.953050345068724,0,0,0.037705507
Mauritania,2024,2.491643474819718,0,0,0.009678815
Mauritius,2017,3.666997026759247,0,0,0.004334345
Mauritius,2018,3.216053831445703,0,0,0.00172327
Mauritius,2019,0.4056551903095534,0,0,0.00058029214
Mauritius,2020,2.580800771828295,0,0,0.004054232
Mauritius,2021,4.028528881573756,1,0,0.0054928837
Mauritius,2022,10.77375122428991,0,0,0.24251024
Mauritius,2023,7.05298238454736,0,0,0.062309735
Mauritius,2024,3.604522038479597,0,0,0.0071011204
Mexico,2017,6.041457240189856,0,0,0.01834081
Mexico,2018,4.899350153565507,0,0,0.030494357
Mexico,2019,3.635961421270462,0,0,0.008389136
Mexico,2020,3.396834155700065,0,0,0.0062816907
Mexico,2021,5.689208476837533,0,0,0.040888865
Mexico,2022,7.896276191685497,0,0,0.2428593
Mexico,2023,5.527960873143888,0,0,0.027090661
Mexico,2024,4.722255884529316,0,0,0.017259333
"Micronesia, Fed. Sts.",2017,0.5822537352548897,0,0,0.0048142695
"Micronesia, Fed. Sts.",2018,1.498400235937367,0,0,0.0036259897
"Micronesia, Fed. Sts.",2019,1.923851707879231,0,0,0.0008655879
"Micronesia, Fed. Sts.",2020,0.5545946308531743,0,0,0.0019298475
"Micronesia, Fed. Sts.",2021,3.191284065974663,0,0,0.003865715
"Micronesia, Fed. Sts.",2022,5.408743754790666,0,0,0.043164287
Moldova,2017,6.570229974556114,0,0,0.1218355
Moldova,2018,3.045053973370705,0,0,0.006453989
Moldova,2019,4.837783514287277,0,0,0.0129262395
Moldova,2020,3.76597122245351,0,0,0.003151309
Moldova,2021,5.10641129002835,1,0,0.06459515
Moldova,2022,28.73729767662353,1,1,0.95665276
Moldova,2023,13.41701043812994,0,0,0.32772085
Moldova,2024,4.677735160070515,0,0,0.07995081
Mongolia,2017,4.301431053023421,0,0,0.04188311
Mongolia,2018,6.824247901455217,0,0,0.22557929
Mongolia,2019,7.301069535507288,0,0,0.070815995
Mongolia,2020,3.723723061402598,0,0,0.009348508
Mongolia,2021,7.35894657888155,1,0,0.12541209
Mongolia,2022,15.15097282008049,1,0,0.430816
Mongolia,2023,10.34758313143399,0,0,0.21054098
Mongolia,2024,6.197799016584197,0,0,0.08103564
Montenegro,2017,2.380235990531304,0,0,0.0018161132
Montenegro,2018,2.611223782637997,0,0,0.00088802323
Montenegro,2019,0.3615637045407673,0,0,0.00084143475
Montenegro,2020,-0.2556556998485512,0,0,0.0011329537
Montenegro,2021,2.410801984031652,1,0,0.0069345846
Montenegro,2022,13.04030363470036,0,1,0.53262293
Montenegro,2023,8.584769104554026,0,0,0.2287221
Montenegro,2024,3.336750092822814,0,0,0.034227867
Morocco,2017,0.7546632493236185,0,0,0.0029396678
Morocco,2018,1.803916711418959,0,0,0.0015906049
Morocco,2019,0.3033860365903833,0,0,0.0026748437
Morocco,2020,0.7059686613382608,0,0,0.005271558
Morocco,2021,1.401958839620059,0,0,0.0036407784
Morocco,2022,6.657042027590669,0,0,0.2718619
Morocco,2023,6.091141525041408,0,0,0.057525482
Morocco,2024,0.9852565920045068,0,0,0.009230544
Mozambique,2017,15.11320738993842,0,0,0.22592987
Mozambique,2018,3.911334399907289,0,0,0.055721138
Mozambique,2019,2.802703079281112,0,0,0.013446814
Mozambique,2020,3.483935674932038,0,0,0.107703224
Mozambique,2021,6.408476529756918,1,1,0.5489417
Mozambique,2022,10.27940180934209,0,1,0.57955694
Mozambique,2023,7.126974821318511,0,0,0.10151133
Mozambique,2024,4.078568348120219,0,0,0.03390099
Myanmar,2017,4.572536553175196,0,0,0.020155016
Myanmar,2018,6.872328656629354,0,0,0.019361084
Myanmar,2019,8.825066968045581,0,0,0.12022307
Namibia,2017,6.145799811111642,0,0,0.11752542
Namibia,2018,4.291591053378753,0,0,0.011334035
Namibia,2019,3.722394144226946,0,0,0.0124353105
Namibia,2020,2.209382369334692,0,0,0.0068063093
Namibia,2021,3.61690530108814,0,0,0.008247946
Namibia,2022,6.081281141124132,0,0,0.039036665
Namibia,2023,5.879934632842747,0,0,0.022735814
Namibia,2024,4.239039228770362,0,0,0.0049388944
Nepal,2017,2.777039983002109,0,0,0.19914417
Nepal,2018,4.406594101757142,0,0,0.07547751
Nepal,2019,5.566160352437225,0,0,0.045971803
Nepal,2020,5.056358262384993,0,0,0.050046694
Nepal,2021,4.12676744440695,0,0,0.04344221
Nepal,2022,7.670205793802804,0,0,0.17821544
Nepal,2023,7.11587261530826,0,0,0.04389278
Nepal,2024,4.685096542657699,0,0,0.095652826
Netherlands,2017,1.38145871407216,0,0,0.002230405
Netherlands,2018,1.70349794744479,0,0,0.0009480674
Netherlands,2019,2.63369910249591,0,0,0.0010537273
Netherlands,2020,1.27246037789161,0,0,0.0005215207
Netherlands,2021,2.67572008805385,1,0,0.0004939041
Netherlands,2022,10.0012078753473,0,0,0.040132612
Netherlands,2023,3.83839354342808,0,0,0.0051680645
Netherlands,2024,3.34754304219953,0,0,0.0020507944
New Zealand,2017,1.85078767452536,0,0,0.0005604332
New Zealand,2018,1.598297038016956,0,0,0.00043576327
New Zealand,2019,1.619631901840475,0,0,0.0006667824
New Zealand,2020,1.714561700072449,0,0,0.00041403342
New Zealand,2021,3.941120607787283,0,0,0.002118024
New Zealand,2022,7.17222476016441,0,0,0.019169021
New Zealand,2023,5.733162830349572,0,0,0.00830721
New Zealand,2024,2.922797823019567,0,0,0.0017650526
Nicaragua,2017,3.850671662847271,0,0,0.006465438
Nicaragua,2018,4.947237280398862,0,0,0.040451072
Nicaragua,2019,5.376289908441255,0,0,0.029779581
Nicaragua,2020,3.681813416255719,0,0,0.0076179584
Nicaragua,2021,4.928413969489675,1,0,0.049944825
Nicaragua,2022,10.46742444659907,0,0,0.2162977
Nicaragua,2023,8.387658548725362,0,0,0.37667844
Nicaragua,2024,4.624738410571412,0,0,0.120598055
Niger,2017,2.796373188712845,0,0,0.018566381
Niger,2018,2.967603660044556,0,0,0.014869333
Niger,2019,-2.489792650708549,0,0,0.014943204
Niger,2020,2.898193760262702,0,0,0.026374593
Niger,2021,3.837868028405096,0,0,0.047222007
Niger,2022,4.226217919163925,0,0,0.04945793
Niger,2023,3.700973164258338,0,0,0.045094445
Niger,2024,9.071519977250134,0,0,0.34174696
Nigeria,2017,16.50226621396411,1,1,0.80741274
Nigeria,2018,12.09510651734316,1,1,0.52782536
Nigeria,2019,11.39642233781162,1,1,0.64102197
Nigeria,2020,13.24602342765969,1,1,0.8943808
Nigeria,2021,16.95284572216077,1,1,0.9585197
Nigeria,2022,18.84718778432745,1,1,0.93493956
Nigeria,2023,24.65955020311397,1,1,0.98166627
Nigeria,2024,33.24209665454057,0,1,0.9950598
North Macedonia,2017,1.351618896774421,0,0,0.0023700523
North Macedonia,2018,1.458312985071263,0,0,0.002287021
North Macedonia,2019,0.7664395734598047,0,0,0.00084041554
North Macedonia,2020,1.200073488884688,0,0,0.0006288931
North Macedonia,2021,3.230749121329278,1,0,0.0012827812
North Macedonia,2022,14.20471731958327,0,0,0.38795155
North Macedonia,2023,9.361872497690149,0,0,0.2823449
North Macedonia,2024,3.489740860269537,0,0,0.014495213
Norway,2017,1.875100595525449,0,0,0.00062904926
Norway,2018,2.764831345287971,0,0,0.0005454505
Norway,2019,2.167730033054107,0,0,0.00038897723
Norway,2020,1.286584907079962,0,0,0.0002751044
Norway,2021,3.483880552666694,0,0,0.0035470258
Norway,2022,5.764123178522719,0,0,0.04701352
Norway,2023,5.517849871046594,0,0,0.17618978
Norway,2024,3.145301344310805,0,0,0.0038596236
Oman,2017,1.589094135677986,0,0,0.0010125982
Oman,2018,0.8893123709704039,0,0,0.0005785765
Oman,2019,0.4908153628206712,0,0,0.0005522199
Oman,2020,-0.4064029194658499,0,0,0.001613224
Oman,2021,1.682211858760845,0,0,0.00078455906
Oman,2022,2.506142506142497,0,0,0.0009950807
Oman,2023,0.9507829977628272,0,0,0.000594329
Oman,2024,0.593589236248469,0,0,0.00066883303
Pakistan,2017,4.08537368032608,0,0,0.024060292
Pakistan,2018,5.078057258689168,1,0,0.016630592
Pakistan,2019,10.57803056720248,0,0,0.30578455
Pakistan,2020,9.740116193201256,0,1,0.63267195
Pakistan,2021,9.496415772852052,1,1,0.5817511
Pakistan,2022,19.87385996466555,1,1,0.8005393
Pakistan,2023,30.76812806570052,1,1,0.9595791
Pakistan,2024,12.63253185304518,0,1,0.6538164
Palau,2017,1.417988196669196,0,0,0.0011475283
Palau,2018,2.109704641350175,0,0,0.0005251189
Palau,2019,0.2673796791444399,0,0,0.0008447152
Palau,2020,0.2181818181818328,0,0,0.0014599436
Palau,2021,2.612481857764805,1,0,0.0025752478
Palau,2022,12.35266383781242,1,0,0.09987403
Palau,2023,12.81997482165336,0,0,0.2504274
Palau,2024,2.231727729217038,0,0,0.06349313
Panama,2017,0.8755859187598782,0,0,0.00080952945
Panama,2018,0.7615783593999441,0,0,0.00036839975
Panama,2019,-0.3550838210212453,0,0,0.00048534595
Panama,2020,-1.550275408037604,0,0,0.0014748739
Panama,2021,1.630703373018979,0,0,0.0018999134
Panama,2022,2.859651288347111,0,0,0.0024027913
Panama,2023,1.486413552770376,0,0,0.00093248585
Panama,2024,0.6932255510045379,0,0,0.0009747555
Papua New Guinea,2017,5.422045680238336,0,0,0.048118573
Papua New Guinea,2018,4.374489214531625,0,0,0.022867592
Papua New Guinea,2019,3.928672909395973,0,0,0.014827538
Papua New Guinea,2020,4.871673985655547,0,0,0.056323558
Papua New Guinea,2021,4.483590140423982,0,0,0.061484423
Papua New Guinea,2022,5.253239222152406,0,0,0.06290988
Papua New Guinea,2023,2.298699912967908,0,0,0.0023572026
Papua New Guinea,2024,0.6024039211079167,0,0,0.0064995266
Paraguay,2017,3.602477413489428,0,0,0.005109696
Paraguay,2018,3.975610157406939,0,0,0.0033183787
Paraguay,2019,2.757097275627747,0,0,0.00257557
Paraguay,2020,1.767515923566983,0,0,0.0029625935
Paraguay,2021,4.787983101235999,0,0,0.038610127
Paraguay,2022,9.765566671644022,0,0,0.091833286
Paraguay,2023,4.632022854033557,0,0,0.023780013
Paraguay,2024,3.835402717285325,0,0,0.006369063
Peru,2017,2.994900458094428,0,0,0.0011763878
Peru,2018,1.509154230247419,0,0,0.0007163102
Peru,2019,2.25212191358027,0,0,0.00061420584
Peru,2020,2.002412057592918,0,0,0.0024236655
Peru,2021,4.271663815367978,0,0,0.012500384
Peru,2022,8.333706300962309,0,0,0.10143306
Peru,2023,6.455613483695862,0,0,0.037133783
Peru,2024,2.00770739412712,0,0,0.0038842035
Philippines,2017,2.853187725909474,0,0,0.0012968626
Philippines,2018,5.309346616277067,0,0,0.010755954
Philippines,2019,2.392065344224044,0,0,0.0018584843
Philippines,2020,2.393162393162403,0,0,0.002725676
Philippines,2021,3.927180221003324,0,0,0.014474248
Philippines,2022,5.821158112139547,0,0,0.025271686
Philippines,2023,5.978025155414093,0,0,0.04848136
Philippines,2024,3.21260487006347,0,0,0.009408011
Poland,2017,2.075935536738593,0,0,0.00321664
Poland,2018,1.812951565426885,0,0,0.0017543221
Poland,2019,2.227478809382914,0,0,0.0010302715
Poland,2020,3.37446972618589,0,0,0.002187549
Poland,2021,5.055027047192721,1,0,0.02300484
Poland,2022,14.42945075757577,1,1,0.5854911
Poland,2023,11.52891279611048,0,0,0.16331914
Poland,2024,3.790608976301966,0,0,0.013820383
Portugal,2017,1.368614116434723,0,0,0.001145
Portugal,2018,0.993715683468326,0,0,0.00052664673
Portugal,2019,0.3381784100460336,0,0,0.00036307744
Portugal,2020,-0.0124383299575305,0,0,0.0009364215
Portugal,2021,1.265657190690439,0,0,0.00084609515
Portugal,2022,7.832691242333231,0,0,0.027822655
Portugal,2023,4.311281918986723,0,0,0.0070313974
Portugal,2024,2.416131877918839,0,0,0.0043083793
Qatar,2017,0.3948789140830052,0,0,0.0009847301
Qatar,2018,0.2558153827244081,0,0,0.0016352588
Qatar,2019,-0.6666411248611472,0,0,0.0018344162
Qatar,2020,-2.540315030047598,0,0,0.0044812188
Qatar,2021,2.304465657420031,0,0,0.006142943
Qatar,2022,4.995275537407606,0,0,0.034320977
Qatar,2023,3.027648991989015,0,0,0.005473883
Qatar,2024,1.267343102923753,0,0,0.015642848
Romania,2017,1.339021211043902,0,0,0.001845135
Romania,2018,4.625484431377785,0,0,0.07727968
Romania,2019,3.827854325994376,0,0,0.0040011294
Romania,2020,2.631073111847428,0,0,0.001884096
Romania,2021,5.05232876096582,1,0,0.018925756
Romania,2022,13.79548874325208,1,1,0.56350243
Romania,2023,10.39718747649958,0,0,0.1850357
Romania,2024,5.721405743544386,0,0,0.044506572
Russian Federation,2017,3.683330723344951,0,0,0.0152728865
Russian Federation,2018,2.878313826149806,0,0,0.017403211
Russian Federation,2019,4.472026318379035,0,0,0.019882856
Russian Federation,2020,3.382197969480676,0,0,0.011200527
Russian Federation,2021,6.694458919576123,1,0,0.089384586
Russian Federation,2022,13.74367973982316,0,0,0.45405334
Russian Federation,2023,5.865719317489674,0,0,0.038679164
Russian Federation,2024,8.434864104967232,0,0,0.19688205
Rwanda,2017,8.27953672260832,0,0,0.31290814
Rwanda,2018,-0.3112101603906995,0,0,0.023089511
Rwanda,2019,3.347876550376479,0,0,0.04107061
Rwanda,2020,9.850399022742067,0,0,0.4044261
Rwanda,2021,-0.3913467483007914,1,0,0.10631448
Rwanda,2022,17.68920955881533,1,0,0.47417206
Rwanda,2023,19.78954674646699,0,1,0.5825268
Rwanda,2024,1.770292401986348,0,0,0.07354154
Samoa,2017,1.749896774847051,0,0,0.0008822179
Samoa,2018,4.197458886637519,0,0,0.0045867106
Samoa,2019,0.982326569888117,0,0,0.0012968552
Samoa,2020,-1.568912477408954,0,0,0.0009776144
Samoa,2021,3.13320473174494,1,0,0.0024547076
Samoa,2022,10.96188222868439,0,0,0.0793666
Samoa,2023,7.921646848267772,0,0,0.07996849
Samoa,2024,2.172455305143773,0,0,0.03341652
San Marino,2017,1.014133131945077,0,0,0.00029397817
San Marino,2018,1.163335222931585,0,0,0.0006651059
San Marino,2019,0.4726519673528523,0,0,0.00050571
San Marino,2020,-0.1333688983729153,0,0,0.00079484633
San Marino,2021,1.615514115514209,0,0,0.0005126071
San Marino,2022,5.325453213113651,0,0,0.019102108
San Marino,2023,5.931908586294032,0,0,0.05854278
San Marino,2024,1.242165079455693,0,0,0.040853467
Sao Tome and Principe,2017,5.690296199290199,0,0,0.10900038
Sao Tome and Principe,2018,7.868596288739091,0,1,0.6964227
Sao Tome and Principe,2019,7.720245252132482,0,0,0.30299094
Sao Tome and Principe,2020,9.819327915401464,0,1,0.8230218
Sao Tome and Principe,2021,8.137770383787318,1,0,0.2650221
Sao Tome and Principe,2022,18.00563511228408,1,1,0.68139493
Sao Tome and Principe,2023,21.25891384729995,1,1,0.9361646
Sao Tome and Principe,2024,14.35192735710081,0,1,0.6857848
Saudi Arabia,2017,-0.8348457350271624,0,0,0.0003746211
Saudi Arabia,2018,2.465943089948431,0,0,0.0017849095
Saudi Arabia,2019,-1.192986445333281,0,0,0.00040985865
Saudi Arabia,2020,3.372349610123027,0,0,0.0022074927
Saudi Arabia,2021,3.063289889415482,0,0,0.0015025438
Saudi Arabia,2022,2.474073719253717,0,0,0.0010427063
Saudi Arabia,2023,2.327085183627063,0,0,0.0010186213
Saudi Arabia,2024,1.687921123758088,0,0,0.00073771004
Senegal,2017,1.318153148477892,0,0,0.0072554005
Senegal,2018,0.4609856424641883,0,0,0.0029489233
Senegal,2019,1.760111511929386,0,0,0.0059176288
Senegal,2020,2.543146856816618,0,0,0.006348706
Senegal,2021,2.180322780881468,0,0,0.007636123
Senegal,2022,9.696818990810732,0,0,0.14961916
Senegal,2023,5.939477987732149,0,0,0.09596164
Senegal,2024,0.804503298792438,0,0,0.017122762
Serbia,2017,3.131062485901151,0,0,0.0056219473
Serbia,2018,1.959840762938007,0,0,0.0016781985
Serbia,2019,1.849229845110863,0,0,0.00088011933
Serbia,2020,1.575532900834149,0,0,0.00059791206
Serbia,2021,4.085102853351022,1,0,0.012604198
Serbia,2022,11.98151173447029,1,0,0.37958854
Serbia,2023,12.37190435525192,0,1,0.5539634
Serbia,2024,4.670529748899701,0,0,0.02832511
Seychelles,2017,2.856795755684371,0,0,0.0015827308
Seychelles,2018,3.702918391115683,0,0,0.0019488382
Seychelles,2019,1.807094008099823,0,0,0.0004539341
Seychelles,2020,1.202664639871229,0,0,0.0035459658
Seychelles,2021,9.769099369735416,0,0,0.031874213
Seychelles,2022,2.6260363285129,0,0,0.001370745
Seychelles,2023,-1.035300884319521,0,0,0.00093688245
Seychelles,2024,0.3117260509196685,0,0,0.00051406893
Sierra Leone,2017,18.22150940033864,1,1,0.75649554
Sierra Leone,2018,16.02954476936986,1,1,0.6405191
Sierra Leone,2019,14.80499909060209,1,1,0.8443885
Sierra Leone,2020,13.44687111010521,1,1,0.6555911
Sierra Leone,2021,11.87395888402341,1,1,0.6342241
Sierra Leone,2022,27.2082883814653,1,1,0.9181243
Sierra Leone,2023,47.64287332531787,1,1,0.9303641
Sierra Leone,2024,28.63375000141146,0,1,0.92303616
Singapore,2017,0.5767631911799955,0,0,0.0023217471
Singapore,2018,0.4387842151296228,0,0,0.000834062
Singapore,2019,0.5678299884054472,0,0,0.00075730635
Singapore,2020,-0.1721118659253825,0,0,0.00063325214
Singapore,2021,2.316103157651459,0,0,0.001455417
Singapore,2022,6.130954189197321,0,0,0.06692208
Singapore,2023,4.833723628257976,0,0,0.026931297
Singapore,2024,2.389511235950172,0,0,0.0035103338
Sint Maarten (Dutch part),2017,2.19201010962985,0,0,0.0007074249
Slovak Republic,2017,1.311945882232281,0,0,0.0024104868
Slovak Republic,2018,2.514037128838118,0,0,0.0013592415
Slovak Republic,2019,2.664561334254313,0,0,0.000633804
Slovak Republic,2020,1.936941266942229,0,0,0.00064216997
Slovak Republic,2021,3.14960629921268,1,0,0.0012953392
Slovak Republic,2022,12.77414636376106,1,0,0.07064464
Slovak Republic,2023,10.53194766452113,0,0,0.04715078
Slovak Republic,2024,2.757609094242718,0,0,0.0036438068
Slovenia,2017,1.42910743319306,0,0,0.0020065696
Slovenia,2018,1.7386086198818,0,0,0.0009665438
Slovenia,2019,1.630522607543444,0,0,0.00048009792
Slovenia,2020,-0.0548568157606099,0,0,0.0007165437
Slovenia,2021,1.917065060892595,0,0,0.00064560404
Slovenia,2022,8.833698867494517,0,0,0.027868448
Slovenia,2023,7.446877173858376,0,0,0.036385175
Slovenia,2024,1.965626564325125,0,0,0.0037320836
Solomon Islands,2017,0.4886867602610835,0,0,0.005360926
Solomon Islands,2018,3.461474849737293,0,0,0.009526998
Solomon Islands,2019,1.63485544012247,0,0,0.0031171266
Solomon Islands,2020,2.963549920760649,0,0,0.007021393
Solomon Islands,2021,-0.1154378944128394,0,0,0.007650419
Solomon Islands,2022,5.518129285769377,0,0,0.21851632
Solomon Islands,2023,5.885858970421641,0,0,0.18612657
Solomon Islands,2024,4.321839483880329,0,0,0.03525049
South Africa,2017,5.186186555241493,0,0,0.015386002
South Africa,2018,4.509872648673875,0,0,0.0030997735
South Africa,2019,4.102850754611558,0,0,0.008158606
South Africa,2020,3.232388316151135,0,0,0.007735395
South Africa,2021,4.61874544887136,0,0,0.021686768
South Africa,2022,7.039872725464818,0,0,0.04740771
South Africa,2023,6.075243845796597,0,0,0.024219677
South Africa,2024,4.361152465189621,0,0,0.0113434
South Sudan,2017,187.8516302794417,1,1,0.9808579
South Sudan,2018,83.50152949219998,1,1,0.9932082
South Sudan,2019,87.2413641500032,1,1,0.9960824
South Sudan,2020,29.67584355385716,1,1,0.96727264
South Sudan,2021,10.51671582943585,0,1,0.85205173
South Sudan,2022,-6.687320942126679,0,1,0.7653835
South Sudan,2023,2.382804348137544,1,0,0.41800445
South Sudan,2024,91.44082207690457,0,1,0.983928
Spain,2017,1.95607633363963,0,0,0.0017030312
Spain,2018,1.6749813686379,0,0,0.00095666124
Spain,2019,0.699518994458738,0,0,0.00053899497
Spain,2020,-0.322753017299739,0,0,0.00039206963
Spain,2021,3.09313511976419,0,0,0.002136708
Spain,2022,8.39057634118626,0,0,0.0386171
Spain,2023,3.53236133492432,0,0,0.0039731036
Spain,2024,2.77417826534772,0,0,0.0048544104
Sri Lanka,2017,7.704137678506017,0,0,0.021142548
Sri Lanka,2018,2.135037737132004,0,0,0.0015884407
Sri Lanka,2019,3.528393582318115,0,0,0.010038143
Sri Lanka,2020,6.153945083917376,0,0,0.08475848
Sri Lanka,2021,7.014780712381947,1,0,0.04016112
Sri Lanka,2022,49.72110211143274,1,1,0.91504616
Sri Lanka,2023,16.54117422798318,0,1,0.75157213
Sri Lanka,2024,-0.4293600490697301,0,0,0.051976994
St. Kitts and Nevis,2017,0.6949167116136044,0,0,0.0015423408
St. Kitts and Nevis,2018,-1.037122141315725,0,0,0.0005731357
St. Kitts and Nevis,2019,-0.3295620636639773,0,0,0.0012955164
St. Kitts and Nevis,2020,-1.167245017693531,0,0,0.002395402
St. Kitts and Nevis,2021,1.195688870384002,0,0,0.001014747
St. Kitts and Nevis,2022,2.668175331112491,0,0,0.00080387446
St. Kitts and Nevis,2023,3.557112308482431,0,0,0.001317077
St. Lucia,2017,0.104262078958441,0,0,0.003385012
St. Lucia,2018,1.935618931506019,0,0,0.0019397774
St. Lucia,2019,0.5390875591917574,0,0,0.0014043769
St. Lucia,2020,-1.755808335175935,0,0,0.008795137
St. Lucia,2021,2.410703121743933,0,0,0.022285324
St. Lucia,2022,6.378146951333514,0,0,0.11124087
St. Lucia,2023,4.070608219262044,0,0,0.0066124382
St. Lucia,2024,-0.1102835758346942,0,0,0.009552476
St. Vincent and the Grenadines,2017,2.153336488405107,0,0,0.002770677
St. Vincent and the Grenadines,2018,2.324144853679213,0,0,0.0006486421
St. Vincent and the Grenadines,2019,0.9130697253245904,0,0,0.00051471416
St. Vincent and the Grenadines,2020,-0.6281313093546544,0,0,0.0012379935
St. Vincent and the Grenadines,2021,1.572729325005577,0,0,0.001314528
St. Vincent and the Grenadines,2022,5.660097792265516,0,0,0.09298566
St. Vincent and the Grenadines,2023,4.564577198148944,0,0,0.008983314
St. Vincent and the Grenadines,2024,3.62770736940927,0,0,0.0040653488
Sudan,2017,32.35162609684366,1,1,0.993447
Sudan,2018,63.29250734558878,1,1,0.99424213
Sudan,2019,50.99405150029646,1,1,0.9766876
Sudan,2020,163.2577823554576,1,1,0.9973851
Sudan,2021,359.0930407789987,1,1,0.99213
Sudan,2022,138.80846024176,0,1,0.98576075
Suriname,2017,21.99694301733036,1,1,0.6356879
Suriname,2020,34.88978430907801,1,1,0.92983645
Suriname,2021,59.11966262519767,1,1,0.9530602
Suriname,2022,52.44602727624101,1,1,0.79536843
Suriname,2023,51.58731596008608,1,1,0.9529356
Suriname,2024,16.22961591302795,0,1,0.8852594
Sweden,2017,1.794499046655989,0,0,0.00040932003
Sweden,2018,1.953535301270278,0,0,0.0005021689
Sweden,2019,1.784150974038347,0,0,0.00049155526
Sweden,2020,0.4973673188535717,0,0,0.00038639884
Sweden,2021,2.163197364471434,0,0,0.0005838096
Sweden,2022,8.36929098869189,0,0,0.025343552
Sweden,2023,8.5486248974891,0,0,0.012669172
Sweden,2024,2.83581658224034,0,0,0.00279456
Switzerland,2017,0.533787839825876,0,0,0.0014882279
Switzerland,2018,0.936335464113572,0,0,0.0004787
Switzerland,2019,0.362886179940674,0,0,0.0005942794
Switzerland,2020,-0.725874933313402,0,0,0.00039646518
Switzerland,2021,0.581814168489855,0,0,0.0008921458
Switzerland,2022,2.83502798644451,0,0,0.0010336756
Switzerland,2023,2.13540088016386,0,0,0.00092451775
Switzerland,2024,1.06234041976594,0,0,0.00048500922
Syrian Arab Republic,2017,18.07526962817711,0,1,0.70010644
Syrian Arab Republic,2018,0.9409838439067688,1,0,0.26731235
Syrian Arab Republic,2019,13.41756532285707,0,1,0.8663491
Tanzania,2017,5.318716052289308,0,0,0.023114882
Tanzania,2018,3.494458488561813,0,0,0.016199041
Tanzania,2019,3.464280579990205,0,0,0.015994972
Tanzania,2020,3.290290627983255,0,0,0.019611733
Tanzania,2021,3.690919588021988,0,0,0.048666503
Tanzania,2022,4.350272042691012,0,0,0.016152017
Tanzania,2023,3.799232913849163,0,0,0.01591267
Tanzania,2024,3.056946763123725,0,0,0.021933483
Thailand,2017,0.6656318931351062,0,0,0.0029519377
Thailand,2018,1.063897541830241,0,0,0.002138136
Thailand,2019,0.706728601314311,0,0,0.0007693498
Thailand,2020,-0.8459371473570412,0,0,0.0019217831
Thailand,2021,1.230395413183836,0,0,0.0044282037
Thailand,2022,-1.61068030486688,0,0,0.0012449952
Thailand,2023,8.47805174421543,0,0,0.023907583
Thailand,2024,1.365805407980367,0,0,0.0025544772
Timor-Leste,2017,0.557215537430361,0,0,0.016406404
Timor-Leste,2018,2.636472010158919,0,0,0.01405103
Timor-Leste,2019,0.9588127397031412,0,0,0.018015023
Timor-Leste,2020,0.495499215459571,0,0,0.006640829
Timor-Leste,2021,3.697920946667864,0,0,0.13530785
Timor-Leste,2022,7.005309453997869,0,0,0.28065473
Timor-Leste,2023,8.420351033103767,0,0,0.2963937
Timor-Leste,2024,2.062841530054681,0,0,0.17679623
Togo,2017,-0.9818898689431192,0,0,0.009261334
Togo,2018,0.9277554264571826,0,0,0.01282963
Togo,2019,0.674652770077525,0,0,0.012686952
Togo,2020,1.69928463299399,0,0,0.03008274
Togo,2021,4.186215065235198,0,0,0.10393106
Togo,2022,7.967573616179453,0,0,0.15679963
Togo,2023,5.489285681411314,0,0,0.17759658
Togo,2024,2.862620740898006,0,0,0.017504595
Tonga,2017,7.517062835511149,0,0,0.09711976
Tonga,2018,5.032096919848741,0,0,0.019960381
Tonga,2019,1.179543348218083,0,0,0.0073277922
Tonga,2020,-0.3497376967274961,0,0,0.0045496933
Tonga,2021,5.640511406367511,1,0,0.021940239
Tonga,2022,10.97136529030216,0,0,0.22481513
Tonga,2023,6.35112980255189,0,0,0.059502106
Tonga,2024,3.230563002680999,0,0,0.08706512
Trinidad and Tobago,2017,1.880384401835318,0,0,0.0010522156
Trinidad and Tobago,2018,1.018569301888219,0,0,0.00035073588
Trinidad and Tobago,2019,1.000542930272373,0,0,0.00043674512
Trinidad and Tobago,2020,0.5989863308246433,0,0,0.0016692423
Trinidad and Tobago,2021,2.059227469154577,0,0,0.0016676522
Trinidad and Tobago,2022,5.828386385179588,0,0,0.010516237
Trinidad and Tobago,2023,4.629302424199681,0,0,0.019830909
Trinidad and Tobago,2024,0.5268846257768393,0,0,0.0024498748
Tunisia,2017,5.308848395658444,0,0,0.049496703
Tunisia,2018,7.307591760316519,0,0,0.051789157
Tunisia,2019,6.72007532863799,0,0,0.043899953
Tunisia,2020,5.634151158976247,0,0,0.042995695
Tunisia,2021,5.706350208307002,0,0,0.06416011
Tunisia,2022,8.306461244476234,0,0,0.14636426
Tunisia,2023,9.328995975078652,0,0,0.29171526
Tunisia,2024,7.206616571687938,0,0,0.13404681
Turkiye,2017,11.14431108407642,1,1,0.51793265
Turkiye,2018,16.33246389889289,1,1,0.8277122
Turkiye,2019,15.17682157200223,1,1,0.8220776
Turkiye,2020,12.27895744625741,1,0,0.34425113
Turkiye,2021,19.5964926913324,1,1,0.91314906
Turkiye,2022,72.30883598912065,1,1,0.9947126
Turkiye,2023,53.85940875933151,1,1,0.95388407
Turkiye,2024,58.50645073003415,0,1,0.9918813
Uganda,2017,5.209717059142092,0,0,0.012024061
Uganda,2018,2.616011909522744,0,0,0.015735455
Uganda,2019,2.867588034468999,0,0,0.023071153
Uganda,2020,3.313322895445018,0,0,0.01822432
Uganda,2021,2.204572047574139,0,0,0.021270942
Uganda,2022,7.195788859758103,0,0,0.21162613
Uganda,2023,5.350948042803953,0,0,0.08084411
Uganda,2024,3.323380670865596,0,0,0.021783276
Ukraine,2017,14.43832274887494,1,1,0.88960755
Ukraine,2018,10.95185593531784,0,1,0.53474295
Ukraine,2019,7.886717456111332,0,0,0.2880234
Ukraine,2020,2.732492094194272,0,0,0.0150939645
Ukraine,2021,9.363139176952233,1,0,0.31134936
Ukraine,2022,20.1836366617478,1,1,0.76175493
Ukraine,2023,12.84902228285588,0,0,0.18410094
Ukraine,2024,6.50198464669254,0,0,0.22775282
United Arab Emirates,2017,1.96682557818842,0,0,0.0004594355
United Arab Emirates,2018,3.06863379251996,0,0,0.00086788624
United Arab Emirates,2019,-1.93108114782172,0,0,0.00035941834
United Arab Emirates,2020,-2.07940317940943,0,0,0.0012080559
United Arab Emirates,2021,0.179935336174431,0,0,0.00081919215
United Arab Emirates,2022,5.29122604376849,0,0,0.02284031
United Arab Emirates,2023,1.62670837213248,0,0,0.00068270194
United Arab Emirates,2024,1.66336510224894,0,0,0.00060383684
United Kingdom,2017,2.557755775577473,0,0,0.0012758784
United Kingdom,2018,2.292839903459376,0,0,0.0005398276
United Kingdom,2019,1.738104600865128,0,0,0.00034650406
United Kingdom,2020,0.9894867037724911,0,0,0.00029412535
United Kingdom,2021,2.51837109614213,0,0,0.00060066144
United Kingdom,2022,7.922048831479023,0,0,0.029237004
United Kingdom,2023,6.793967067939626,0,0,0.012808203
United Kingdom,2024,3.271572946359201,0,0,0.0040238407
United States,2017,2.130110003659612,0,0,0.00060881826
United States,2018,2.442583296928166,0,0,0.000637852
United States,2019,1.812210075260205,0,0,0.00025090986
United States,2020,1.233584396306293,0,0,0.00055995345
United States,2021,4.697858863637421,0,0,0.0069599417
United States,2022,8.00279982052121,0,0,0.029488817
United States,2023,4.116338383744878,0,0,0.0068907375
United States,2024,2.949525204852073,0,0,0.0031175683
Uruguay,2017,6.218093825618601,0,0,0.015706938
Uruguay,2018,7.60653360377047,0,0,0.014971959
Uruguay,2019,7.881988708796191,0,0,0.017162612
Uruguay,2020,9.75640636078194,0,0,0.09973242
Uruguay,2021,7.74791402314762,0,0,0.02135542
Uruguay,2022,9.104379830754368,0,0,0.061462797
Uruguay,2023,5.869103598961191,0,0,0.009832187
Uruguay,2024,4.849143666131558,0,0,0.008803429
Uzbekistan,2017,13.87574254416354,1,1,0.62551224
Uzbekistan,2018,17.52417965140548,1,1,0.7713941
Uzbekistan,2019,14.52573595606866,1,1,0.5974755
Uzbekistan,2020,12.86772973626065,1,1,0.76687527
Uzbekistan,2021,10.8492397508122,1,1,0.851955
Uzbekistan,2022,11.44664369988359,0,1,0.69716054
Uzbekistan,2023,9.956590712580178,0,0,0.47271162
Uzbekistan,2024,9.628254659566815,0,0,0.23313646
Vanuatu,2017,3.08452624403546,0,0,0.0012572472
Vanuatu,2018,2.330963795668661,0,0,0.0013538065
Vanuatu,2019,2.76252019386111,0,0,0.001136694
Vanuatu,2020,5.32935073101715,0,0,0.010080119
Vanuatu,2021,2.343283582089533,0,0,0.002649587
Vanuatu,2022,6.679305818871213,1,0,0.12188463
Vanuatu,2023,11.18250170881747,0,0,0.27033848
Viet Nam,2017,3.520256888116174,0,0,0.013975278
Viet Nam,2018,3.539628059426409,0,0,0.0072466815
Viet Nam,2019,2.795823674522497,0,0,0.0053641405
Viet Nam,2020,3.220934366525141,0,0,0.0051931804
Viet Nam,2021,1.834715548104437,0,0,0.0028415597
Viet Nam,2022,3.156507499631293,0,0,0.006026135
Viet Nam,2023,3.252892826676616,0,0,0.0034536102
Viet Nam,2024,3.621092738858435,0,0,0.0038043496
West Bank and Gaza,2017,0.212570934228881,0,0,0.004465507
West Bank and Gaza,2018,-0.1951077737307347,0,0,0.0038841981
West Bank and Gaza,2019,1.580183336394551,0,0,0.0049477275
West Bank and Gaza,2020,-0.7353320010921907,0,0,0.003369641
West Bank and Gaza,2021,1.237481028313685,0,0,0.008278555
West Bank and Gaza,2022,3.741223918520772,0,0,0.00820993
West Bank and Gaza,2023,5.871101776789876,1,0,0.10798595
West Bank and Gaza,2024,53.66914583037823,0,1,0.8913949
Zambia,2017,6.577311542056444,0,0,0.14656965
Zambia,2018,7.494571927285201,0,0,0.23726705
Zambia,2019,9.150316443162955,1,1,0.6753758
Zambia,2020,15.73306047213692,1,1,0.9185205
Zambia,2021,22.02076762457765,1,1,0.7799243
Zambia,2022,10.99320392091359,1,0,0.3210731
Zambia,2023,10.88453169128201,1,1,0.86585593
Zambia,2024,14.9856262747939,0,1,0.93990165
Zimbabwe,2017,0.8939623160500274,1,0,0.014454012
Zimbabwe,2018,10.61886586695751,1,0,0.30228755
Zimbabwe,2019,255.3049907578557,1,1,0.8778124
Zimbabwe,2020,557.2018173620507,1,1,0.8953914
Zimbabwe,2021,98.54610509206238,1,1,0.853105
Zimbabwe,2022,104.7051706286672,0,1,0.98601556
