country,region,years_observed,first_test_year,last_test_year,actual_conflict_years,predicted_conflict_years,previous_conflict_years,mean_predicted_probability,max_predicted_probability,actual_conflict_rate,predicted_conflict_rate
DR Congo (Zaire),Africa,7,2017,2023,7,7,7,0.9999999999999938,1.0,1.0,1.0
Nigeria,Africa,7,2017,2023,7,7,7,0.9999999999961355,0.9999999999999982,1.0,1.0
Syria,Middle East,7,2017,2023,7,7,7,0.9999503798973989,0.999999999997308,1.0,1.0
Mexico,Americas,7,2017,2023,7,7,7,0.9999992514527817,0.999999999966706,1.0,1.0
Ukraine,Europe,7,2017,2023,7,7,7,0.9540218974015492,0.9999999999635364,1.0,1.0
Brazil,Americas,7,2017,2023,7,7,7,0.9999727904288208,0.9999999999419776,1.0,1.0
Central African Republic,Africa,7,2017,2023,7,7,7,0.9976593864918746,0.9999999987744366,1.0,1.0
Mali,Africa,7,2017,2023,7,7,7,0.999991415405675,0.999999986777439,1.0,1.0
Sudan,Africa,7,2017,2023,7,7,7,0.9999661614700502,0.9999999327181862,1.0,1.0
Ethiopia,Africa,7,2017,2023,7,7,7,0.999839929024912,0.9999998858375496,1.0,1.0
South Sudan,Africa,7,2017,2023,7,7,7,0.9997274331205909,0.9999998338248888,1.0,1.0
Somalia,Africa,7,2017,2023,7,7,7,0.9984906013158585,0.9999961137551466,1.0,1.0
Colombia,Americas,7,2017,2023,7,7,7,0.9998674967886937,0.9999960897536267,1.0,1.0
India,Asia,7,2017,2023,7,7,7,0.9999427449636636,0.9999960038630888,1.0,1.0
Myanmar (Burma),Asia,7,2017,2023,7,7,7,0.9997826019746656,0.9999940814332132,1.0,1.0
Pakistan,Asia,7,2017,2023,7,7,7,0.999227742873219,0.9999925968493062,1.0,1.0
Afghanistan,Asia,7,2017,2023,7,7,7,0.999402919965372,0.999990578498939,1.0,1.0
Libya,Africa,7,2017,2023,7,7,7,0.9711745143898118,0.9999810591363992,1.0,1.0
Kenya,Africa,7,2017,2023,7,7,7,0.9962492265443111,0.9999349799604448,1.0,1.0
Cameroon,Africa,7,2017,2023,7,7,7,0.9990685366749892,0.9999049399236164,1.0,1.0
Yemen (North Yemen),Middle East,7,2017,2023,7,7,7,0.9936051654114689,0.9998520629925796,1.0,1.0
Ecuador,Americas,7,2017,2023,6,5,5,0.5885436156138347,0.9998384495744284,0.8571428571428571,0.7142857142857143
Niger,Africa,7,2017,2023,7,7,7,0.9977443513482218,0.9996057438574276,1.0,1.0
Burkina Faso,Africa,7,2017,2023,7,7,7,0.9974730002869399,0.9993858734559692,1.0,1.0
Philippines,Asia,7,2017,2023,7,7,7,0.9984707917280329,0.9993300954073736,1.0,1.0
Iran,Middle East,7,2017,2023,7,7,7,0.9923612813356266,0.9986108983925456,1.0,1.0
Iraq,Middle East,7,2017,2023,7,7,7,0.9919615786479137,0.9983550238409538,1.0,1.0
Haiti,Americas,7,2017,2023,7,6,7,0.8016348668142854,0.9983387811424816,1.0,0.8571428571428571
Israel,Middle East,7,2017,2023,7,7,7,0.9913458361216977,0.9978125609697422,1.0,1.0
Chad,Africa,7,2017,2023,7,7,7,0.9903363654451242,0.9968917966798486,1.0,1.0
Mozambique,Africa,7,2017,2023,7,7,7,0.9780871937861522,0.9961377599364394,1.0,1.0
Turkey,Middle East,7,2017,2023,7,7,7,0.9463889396758454,0.9959294454406,1.0,1.0
Russia (Soviet Union),Europe,7,2017,2023,7,7,7,0.9393377948999371,0.9947576766148728,1.0,1.0
Burundi,Africa,7,2017,2023,7,7,7,0.9729284538307489,0.9923470450389712,1.0,1.0
Egypt,Middle East,7,2017,2023,6,7,7,0.962756338484423,0.9900079183056402,0.8571428571428571,1.0
Venezuela,Americas,7,2017,2023,7,7,7,0.9358345453711712,0.9893615996642136,1.0,1.0
Bangladesh,Asia,7,2017,2023,7,7,7,0.9711534908889125,0.988316266335188,1.0,1.0
Lebanon,Middle East,7,2017,2023,4,4,4,0.6710155303812613,0.9871230624390648,0.5714285714285714,0.5714285714285714
Angola,Africa,7,2017,2023,7,7,7,0.9566356212856763,0.9836486959241042,1.0,1.0
Tunisia,Africa,7,2017,2023,6,7,7,0.9434435961295055,0.981857853058978,0.8571428571428571,1.0
Algeria,Africa,7,2017,2023,7,7,7,0.9378245481308447,0.97995361008372,1.0,1.0
Indonesia,Asia,7,2017,2023,7,7,7,0.9494209867049977,0.9678379536014926,1.0,1.0
Rwanda,Africa,7,2017,2023,5,5,5,0.7653232881577743,0.9657320241118492,0.7142857142857143,0.7142857142857143
Tanzania,Africa,7,2017,2023,6,7,6,0.8311018357935037,0.9544238623762488,0.8571428571428571,1.0
Uganda,Africa,7,2017,2023,6,7,6,0.8220955883801887,0.9518732082863386,0.8571428571428571,1.0
Thailand,Asia,7,2017,2023,7,7,7,0.9327951517641878,0.9432014351571324,1.0,1.0
Saudi Arabia,Middle East,7,2017,2023,5,6,6,0.7582235263013413,0.9277383215050254,0.7142857142857143,0.8571428571428571
Peru,Americas,7,2017,2023,5,6,6,0.7879519281234011,0.9240206983651856,0.7142857142857143,0.8571428571428571
Azerbaijan,Europe,7,2017,2023,6,7,7,0.8993295243103666,0.9233970435244642,0.8571428571428571,1.0
Honduras,Americas,7,2017,2023,7,7,6,0.8364893053708995,0.9177651903244222,1.0,1.0
Benin,Africa,7,2017,2023,6,4,5,0.5332427965818936,0.9167107753520846,0.8571428571428571,0.5714285714285714
Congo,Africa,7,2017,2023,3,5,4,0.6854716089893858,0.9143362965101176,0.42857142857142855,0.7142857142857143
Papua New Guinea,Asia,7,2017,2023,5,4,4,0.511305332642118,0.897487804487716,0.7142857142857143,0.5714285714285714
South Africa,Africa,7,2017,2023,7,6,6,0.7183495869448213,0.878473668537503,1.0,0.8571428571428571
China,Asia,7,2017,2023,1,3,2,0.5730333082310128,0.8732924654241678,0.14285714285714285,0.42857142857142855
Guinea,Africa,7,2017,2023,3,3,3,0.46655068789601195,0.8671017807832204,0.42857142857142855,0.42857142857142855
Togo,Africa,7,2017,2023,4,2,3,0.3969918978553535,0.8660144818575386,0.5714285714285714,0.2857142857142857
Armenia,Europe,7,2017,2023,6,6,6,0.738138654489462,0.8643737506188806,0.8571428571428571,0.8571428571428571
Senegal,Africa,7,2017,2023,3,3,3,0.4760438447291773,0.8281374955634707,0.42857142857142855,0.42857142857142855
Guatemala,Americas,7,2017,2023,4,3,3,0.44356100682902966,0.8080086822399376,0.5714285714285714,0.42857142857142855
Morocco,Africa,7,2017,2023,5,4,4,0.4516723445922553,0.8042397495796229,0.7142857142857143,0.5714285714285714
Tajikistan,Asia,7,2017,2023,4,2,4,0.4404293573710762,0.8022320236154525,0.5714285714285714,0.2857142857142857
France,Europe,7,2017,2023,3,2,3,0.36910204829585336,0.7897249259926385,0.42857142857142855,0.2857142857142857
Madagascar (Malagasy),Africa,7,2017,2023,2,3,3,0.4680777286664811,0.7563017463358982,0.2857142857142857,0.42857142857142855
Liberia,Africa,7,2017,2023,3,1,2,0.32182671927365136,0.7421593741623604,0.42857142857142855,0.14285714285714285
Zimbabwe (Rhodesia),Africa,7,2017,2023,3,2,3,0.3936835942491726,0.7404087020461227,0.42857142857142855,0.2857142857142857
Kingdom of eSwatini (Swaziland),Africa,7,2017,2023,5,4,5,0.44144103053055794,0.726969502589635,0.7142857142857143,0.5714285714285714
El Salvador,Americas,7,2017,2023,3,3,4,0.46547979451786387,0.7239111783296045,0.42857142857142855,0.42857142857142855
Mauritania,Africa,7,2017,2023,4,3,3,0.40703844184786364,0.7101288522146247,0.5714285714285714,0.42857142857142855
Paraguay,Americas,7,2017,2023,3,2,3,0.39265707840034214,0.697415128591548,0.42857142857142855,0.2857142857142857
United Kingdom,Europe,7,2017,2023,1,1,1,0.15263271151555205,0.6531022700579339,0.14285714285714285,0.14285714285714285
Malaysia,Asia,7,2017,2023,0,1,1,0.22462701155249662,0.6260457688540332,0.0,0.14285714285714285
Ghana,Africa,7,2017,2023,3,1,2,0.24647457428176542,0.6172597008899549,0.42857142857142855,0.14285714285714285
United States of America,Americas,7,2017,2023,3,2,4,0.3569628384841032,0.6081243400834403,0.42857142857142855,0.2857142857142857
Eritrea,Africa,7,2017,2023,1,1,1,0.23886713263183146,0.5904069556002384,0.14285714285714285,0.14285714285714285
Ivory Coast,Africa,7,2017,2023,1,1,1,0.3047495500433764,0.5821247087288405,0.14285714285714285,0.14285714285714285
Sri Lanka,Asia,7,2017,2023,1,0,2,0.278965243097889,0.489053374233144,0.14285714285714285,0.0
Djibouti,Africa,7,2017,2023,2,0,2,0.2561792225906508,0.4767843795654261,0.2857142857142857,0.0
Bolivia,Americas,7,2017,2023,2,0,2,0.21326921667402862,0.4753051151545031,0.2857142857142857,0.0
Sierra Leone,Africa,7,2017,2023,1,0,1,0.20552198964928506,0.435080025208798,0.14285714285714285,0.0
Belgium,Europe,7,2017,2023,2,0,2,0.13670783422880647,0.4252441000939789,0.2857142857142857,0.0
United Arab Emirates,Middle East,7,2017,2023,1,0,1,0.12415245448377976,0.3797784078547797,0.14285714285714285,0.0
Kyrgyzstan,Asia,7,2017,2023,2,0,2,0.204097181749227,0.3617375615397247,0.2857142857142857,0.0
Nepal,Asia,7,2017,2023,1,0,1,0.14729682896833382,0.3532737984375085,0.14285714285714285,0.0
Jordan,Middle East,7,2017,2023,1,0,0,0.16808605611994945,0.2784728553146426,0.14285714285714285,0.0
Georgia,Europe,7,2017,2023,1,0,1,0.09824846756150848,0.2643404087889257,0.14285714285714285,0.0
Spain,Europe,7,2017,2023,1,0,2,0.12618210885114453,0.2470090291523225,0.14285714285714285,0.0
Kuwait,Middle East,7,2017,2023,0,0,0,0.1532154673429671,0.2405912134450955,0.0,0.0
Australia,Asia,7,2017,2023,1,0,1,0.06960831390049395,0.1974318171924921,0.14285714285714285,0.0
Cambodia (Kampuchea),Asia,7,2017,2023,0,0,0,0.13928721435671074,0.183281600481,0.0,0.0
Gambia,Africa,7,2017,2023,1,0,0,0.12201720945713652,0.1798783551899219,0.14285714285714285,0.0
Solomon Islands,Asia,7,2017,2023,0,0,0,0.1508650506906324,0.1759221447263607,0.0,0.0
Zambia,Africa,7,2017,2023,0,0,0,0.1424989186313827,0.1635122920583169,0.0,0.0
Lesotho,Africa,7,2017,2023,0,0,0,0.11439913266360364,0.1476298263015052,0.0,0.0
Guinea-Bissau,Africa,7,2017,2023,0,0,0,0.12743089300345753,0.1475012673626641,0.0,0.0
Comoros,Africa,7,2017,2023,0,0,0,0.125957415285428,0.1442436710729962,0.0,0.0
Namibia,Africa,7,2017,2023,0,0,0,0.11676042773300423,0.1375297843991973,0.0,0.0
Laos,Asia,7,2017,2023,0,0,0,0.1274222256634076,0.1339999287836797,0.0,0.0
Panama,Americas,7,2017,2023,0,0,0,0.09039181272291266,0.1322440647983056,0.0,0.0
Uzbekistan,Asia,7,2017,2023,0,0,0,0.11237203871635452,0.1282384606900724,0.0,0.0
Nicaragua,Americas,7,2017,2023,0,0,0,0.1102658665080054,0.1270103307528088,0.0,0.0
Poland,Europe,7,2017,2023,1,0,1,0.04192844145313357,0.1254679270361541,0.14285714285714285,0.0
Bahrain,Middle East,7,2017,2023,0,0,0,0.08641594022151412,0.1240786650082232,0.0,0.0
Bhutan,Asia,7,2017,2023,0,0,0,0.09866114275025936,0.123585798756094,0.0,0.0
Guyana,Americas,7,2017,2023,0,0,0,0.07334548076525316,0.1209004736800613,0.0,0.0
Botswana,Africa,7,2017,2023,0,0,0,0.09400378158797311,0.1187676585878566,0.0,0.0
Jamaica,Americas,7,2017,2023,0,0,0,0.09180629719882025,0.1142966791223446,0.0,0.0
Germany,Europe,7,2017,2023,1,0,0,0.07026633552414807,0.1119477406288684,0.14285714285714285,0.0
Austria,Europe,7,2017,2023,1,0,1,0.05206866786156523,0.1084750382512028,0.14285714285714285,0.0
Trinidad and Tobago,Americas,7,2017,2023,0,0,0,0.09048542801643808,0.1069321852350925,0.0,0.0
Maldives,Asia,7,2017,2023,0,0,0,0.04848094033021237,0.1064068723942388,0.0,0.0
East Timor,Asia,7,2017,2023,0,0,0,0.06936640887028353,0.1018028564516291,0.0,0.0
Qatar,Middle East,7,2017,2023,0,0,0,0.053082966133418605,0.1006114271716646,0.0,0.0
Argentina,Americas,7,2017,2023,0,0,0,0.076827997695899,0.0938300807750316,0.0,0.0
Moldova,Europe,7,2017,2023,0,0,0,0.07111286954677445,0.0929159987233768,0.0,0.0
Romania,Europe,7,2017,2023,0,0,0,0.07546636473837462,0.0866781612663414,0.0,0.0
North Macedonia,Europe,7,2017,2023,0,0,0,0.07598335001837454,0.0847559033517307,0.0,0.0
Equatorial Guinea,Africa,7,2017,2023,0,0,0,0.06625026999618362,0.0832477241202931,0.0,0.0
Serbia (Yugoslavia),Europe,7,2017,2023,0,0,0,0.07267059652543027,0.0817544342111423,0.0,0.0
Malawi,Africa,7,2017,2023,0,0,0,0.07273680264029737,0.0784846310862756,0.0,0.0
Bosnia-Herzegovina,Europe,7,2017,2023,0,0,0,0.07065787876793903,0.0784639630417982,0.0,0.0
Malta,Europe,7,2017,2023,0,0,0,0.06372224240156613,0.0780170757520242,0.0,0.0
Sweden,Europe,7,2017,2023,0,0,1,0.052948522437402605,0.0773197687171582,0.0,0.0
Croatia,Europe,7,2017,2023,0,0,0,0.05935363347700577,0.0762401573271434,0.0,0.0
Albania,Europe,7,2017,2023,0,0,0,0.06556644273715337,0.0756803679855135,0.0,0.0
Italy,Europe,7,2017,2023,0,0,0,0.0548035324389538,0.0678504559043186,0.0,0.0
Vanuatu,Asia,7,2017,2023,0,0,0,0.05069245238011919,0.0670992870319894,0.0,0.0
Suriname,Americas,7,2017,2023,0,0,0,0.05000002576070089,0.0669157537174828,0.0,0.0
Netherlands,Europe,7,2017,2023,0,0,0,0.04633041784488423,0.0629632432324924,0.0,0.0
Oman,Middle East,7,2017,2023,0,0,0,0.04856936126578187,0.0620927484727731,0.0,0.0
Gabon,Africa,7,2017,2023,0,0,0,0.05023739710303804,0.0590006216532805,0.0,0.0
Canada,Americas,7,2017,2023,0,0,0,0.0502287463395792,0.0580894960782202,0.0,0.0
Cape Verde,Africa,7,2017,2023,0,0,0,0.037469008497296605,0.057887360500965,0.0,0.0
Turkmenistan,Asia,7,2017,2023,0,0,0,0.0452299098516225,0.0575207987048195,0.0,0.0
Mongolia,Asia,7,2017,2023,0,0,0,0.04668975276657803,0.0558756885732333,0.0,0.0
Belize,Americas,7,2017,2023,0,0,0,0.041896968225000344,0.0548127621392602,0.0,0.0
Fiji,Asia,7,2017,2023,0,0,0,0.03699842713516339,0.0540039736160998,0.0,0.0
Antigua & Barbuda,Americas,7,2017,2023,0,0,0,0.030456174851914798,0.0538492256243374,0.0,0.0
Nauru,Asia,7,2017,2023,0,0,0,0.03775370996974904,0.0537513642885464,0.0,0.0
Saint Lucia,Americas,7,2017,2023,0,0,0,0.03240146744004737,0.0530295162354407,0.0,0.0
Kiribati,Asia,7,2017,2023,0,0,0,0.04429823866868277,0.0510575545789959,0.0,0.0
Dominican Republic,Americas,7,2017,2023,0,0,0,0.03951442786193025,0.0508491676081598,0.0,0.0
Kazakhstan,Asia,7,2017,2023,0,0,0,0.0426497063947323,0.0488368927622182,0.0,0.0
Sao Tome and Principe,Africa,7,2017,2023,0,0,0,0.04700027085003483,0.0478437500555431,0.0,0.0
Samoa (Western Samoa),Asia,7,2017,2023,0,0,0,0.04281822850570942,0.0477561274246142,0.0,0.0
Vietnam (North Vietnam),Asia,7,2017,2023,0,0,0,0.04318497002683521,0.047511309557788,0.0,0.0
North Korea,Asia,7,2017,2023,0,0,0,0.04280668062772987,0.046486396349671,0.0,0.0
Mauritius,Africa,7,2017,2023,0,0,0,0.032789478903874514,0.0454223898178188,0.0,0.0
Kosovo,Europe,7,2017,2023,0,0,0,0.035236420039081826,0.0451808073355112,0.0,0.0
Bahamas,Americas,7,2017,2023,0,0,0,0.026954500478056313,0.0448248952552017,0.0,0.0
Federated States of Micronesia,Asia,7,2017,2023,0,0,0,0.04233817004613229,0.0447635548839548,0.0,0.0
Montenegro,Europe,7,2017,2023,0,0,0,0.03066150085659583,0.0444631593577754,0.0,0.0
Tonga,Asia,7,2017,2023,0,0,0,0.0373229539248506,0.0440901423683309,0.0,0.0
Grenada,Americas,7,2017,2023,0,0,0,0.033542692704512274,0.0433052868176681,0.0,0.0
Dominica,Americas,7,2017,2023,0,0,0,0.0319004224062282,0.0424274444140726,0.0,0.0
Brunei,Asia,7,2017,2023,0,0,0,0.03503234659088134,0.0417315119526293,0.0,0.0
Cuba,Americas,7,2017,2023,0,0,0,0.03587249511932357,0.0413377002250679,0.0,0.0
Seychelles,Africa,7,2017,2023,0,0,0,0.030696598163691573,0.041206119775503,0.0,0.0
Palau,Asia,7,2017,2023,0,0,0,0.0329422252514806,0.039647585010211,0.0,0.0
Tuvalu,Asia,7,2017,2023,0,0,0,0.031928313667542695,0.0394690323614708,0.0,0.0
Chile,Americas,7,2017,2023,0,0,0,0.03330834345774312,0.0392690827638523,0.0,0.0
Barbados,Americas,7,2017,2023,0,0,0,0.0263185815865494,0.0365230529806275,0.0,0.0
Saint Kitts and Nevis,Americas,7,2017,2023,0,0,0,0.023549825633837514,0.0353506249150151,0.0,0.0
Belarus,Europe,7,2017,2023,0,0,0,0.03277891820532277,0.034950454296583,0.0,0.0
Saint Vincent and the Grenadines,Americas,7,2017,2023,0,0,0,0.024849148118089158,0.0344205026055383,0.0,0.0
Greece,Europe,7,2017,2023,0,0,0,0.02433871437346696,0.0322397987277433,0.0,0.0
Slovakia,Europe,7,2017,2023,0,0,0,0.028541662200295914,0.0321972699366755,0.0,0.0
Hungary,Europe,7,2017,2023,0,0,0,0.026892107328696586,0.0319274471849863,0.0,0.0
Marshall Islands,Asia,7,2017,2023,0,0,0,0.027148398968745113,0.0318047011766484,0.0,0.0
Czech Republic,Europe,7,2017,2023,0,0,0,0.0269185833426022,0.0317505368298041,0.0,0.0
Andorra,Europe,7,2017,2023,0,0,0,0.024019752663438455,0.0316153133748158,0.0,0.0
Bulgaria,Europe,7,2017,2023,0,0,0,0.02785149244380963,0.0312162176990785,0.0,0.0
San Marino,Europe,7,2017,2023,0,0,0,0.024209964736507186,0.03119849855592,0.0,0.0
Uruguay,Americas,7,2017,2023,0,0,0,0.0249008882143558,0.0309808728018943,0.0,0.0
Cyprus,Europe,7,2017,2023,0,0,0,0.02385667197249213,0.0293441162462166,0.0,0.0
Costa Rica,Americas,7,2017,2023,0,0,0,0.024429102433011756,0.0291019400148733,0.0,0.0
Portugal,Europe,7,2017,2023,0,0,0,0.022909453973470374,0.0284413313393473,0.0,0.0
Latvia,Europe,7,2017,2023,0,0,0,0.02533105101711917,0.0281825648357784,0.0,0.0
Slovenia,Europe,7,2017,2023,0,0,0,0.022990102850261842,0.0279379754843765,0.0,0.0
Estonia,Europe,7,2017,2023,0,0,0,0.024924893329788613,0.0273009026699373,0.0,0.0
South Korea,Asia,7,2017,2023,0,0,0,0.024566956245660656,0.0266381550376855,0.0,0.0
Lithuania,Europe,7,2017,2023,0,0,0,0.024563916457539914,0.026416429221392,0.0,0.0
Japan,Asia,7,2017,2023,0,0,0,0.02437779252392,0.0258466963280845,0.0,0.0
New Zealand,Asia,7,2017,2023,0,0,0,0.019646617939988387,0.0231407766110877,0.0,0.0
Iceland,Europe,7,2017,2023,0,0,0,0.014308076450857686,0.0198421090869896,0.0,0.0
Singapore,Asia,7,2017,2023,0,0,0,0.014130611285759629,0.0166597652418414,0.0,0.0
Finland,Europe,7,2017,2023,0,0,0,0.013051591065057572,0.0143004512208793,0.0,0.0
Denmark,Europe,7,2017,2023,0,0,0,0.012541650874195173,0.0141837859921161,0.0,0.0
Norway,Europe,7,2017,2023,0,0,0,0.011218503644285857,0.0141384414037294,0.0,0.0
Switzerland,Europe,7,2017,2023,0,0,0,0.0107187514484695,0.0128404827150868,0.0,0.0
Ireland,Europe,7,2017,2023,0,0,0,0.008382271179254285,0.0112008614330559,0.0,0.0
Luxembourg,Europe,7,2017,2023,0,0,0,0.007324210754186914,0.00958070404233,0.0,0.0
Monaco,Europe,7,2017,2023,0,0,0,0.002581834848496057,0.0048060206087083,0.0,0.0
Liechtenstein,Europe,7,2017,2023,0,0,0,0.0026226320733958143,0.0029810759287936,0.0,0.0
